QueryId,DocumentId,Relevance
201,clueweb12-0000tw-05-12114,1
201,clueweb12-0000wb-30-01951,0
201,clueweb12-0000wb-60-01497,1
201,clueweb12-0005wb-86-10798,1
201,clueweb12-0100tw-14-21268,1
201,clueweb12-0100tw-31-09278,0
201,clueweb12-0100tw-31-09279,0
201,clueweb12-0100tw-52-04001,0
201,clueweb12-0106wb-18-19516,1
201,clueweb12-0108wb-22-26598,0
201,clueweb12-0108wb-33-05377,0
201,clueweb12-0108wb-70-31300,1
201,clueweb12-0108wb-86-18203,2
201,clueweb12-0209wb-62-29857,1
201,clueweb12-0300tw-49-08295,1
201,clueweb12-0300tw-57-15513,1
201,clueweb12-0300tw-67-08150,0
201,clueweb12-0300tw-88-05905,1
201,clueweb12-0300tw-97-03315,1
201,clueweb12-0301tw-15-04020,1
201,clueweb12-0301tw-21-03835,1
201,clueweb12-0301tw-46-07799,1
201,clueweb12-0304wb-36-29645,0
201,clueweb12-0307wb-47-02869,0
201,clueweb12-0311wb-19-19573,1
201,clueweb12-0311wb-58-22523,1
201,clueweb12-0400tw-08-22698,1
201,clueweb12-0400tw-34-18992,0
201,clueweb12-0400tw-90-10612,1
201,clueweb12-0400tw-95-07994,0
201,clueweb12-0400tw-96-08580,1
201,clueweb12-0400tw-96-08633,1
201,clueweb12-0400tw-96-22358,1
201,clueweb12-0400tw-96-22359,1
201,clueweb12-0400tw-98-04041,1
201,clueweb12-0400tw-98-19309,1
201,clueweb12-0400tw-98-19394,1
201,clueweb12-0400tw-98-19395,1
201,clueweb12-0400tw-99-08104,1
201,clueweb12-0400tw-99-10402,0
201,clueweb12-0401tw-00-05277,1
201,clueweb12-0401tw-00-10574,0
201,clueweb12-0401tw-00-11091,1
201,clueweb12-0401tw-01-03242,1
201,clueweb12-0401tw-02-13744,0
201,clueweb12-0401tw-08-02152,1
201,clueweb12-0401tw-11-13679,1
201,clueweb12-0401tw-13-12471,0
201,clueweb12-0401tw-16-02546,1
201,clueweb12-0401tw-16-02547,1
201,clueweb12-0401tw-16-02548,1
201,clueweb12-0401tw-17-04167,1
201,clueweb12-0500tw-09-01438,0
201,clueweb12-0500tw-09-16891,1
201,clueweb12-0500tw-09-16892,1
201,clueweb12-0500tw-11-17774,1
201,clueweb12-0500tw-12-01032,1
201,clueweb12-0500tw-12-01033,1
201,clueweb12-0500tw-12-09607,1
201,clueweb12-0500tw-13-21296,0
201,clueweb12-0500tw-14-16637,1
201,clueweb12-0500tw-17-18276,1
201,clueweb12-0500tw-25-15526,1
201,clueweb12-0500tw-25-18632,1
201,clueweb12-0500tw-31-16981,1
201,clueweb12-0500tw-40-09126,1
201,clueweb12-0503wb-16-05391,1
201,clueweb12-0506wb-90-23810,1
201,clueweb12-0508wb-36-14116,0
201,clueweb12-0508wb-96-01084,0
201,clueweb12-0509wb-52-08605,1
201,clueweb12-0600tw-15-11839,0
201,clueweb12-0600tw-16-08421,1
201,clueweb12-0600tw-21-12056,0
201,clueweb12-0600tw-27-03059,1
201,clueweb12-0603wb-59-05160,1
201,clueweb12-0604wb-40-13236,1
201,clueweb12-0605wb-65-13518,1
201,clueweb12-0607wb-19-31940,1
201,clueweb12-0608wb-54-01093,0
201,clueweb12-0608wb-67-09174,0
201,clueweb12-0700tw-06-03345,0
201,clueweb12-0700tw-16-15536,1
201,clueweb12-0700tw-32-01813,0
201,clueweb12-0700tw-38-05298,1
201,clueweb12-0700tw-43-07348,1
201,clueweb12-0700tw-53-23408,0
201,clueweb12-0700tw-54-14874,1
201,clueweb12-0700tw-61-14704,2
201,clueweb12-0700tw-72-10766,1
201,clueweb12-0700tw-74-19724,1
201,clueweb12-0700tw-77-17133,1
201,clueweb12-0700tw-79-17919,1
201,clueweb12-0700tw-79-17968,1
201,clueweb12-0700tw-79-17969,1
201,clueweb12-0700tw-84-06248,0
201,clueweb12-0711wb-28-10462,1
201,clueweb12-0711wb-42-19297,1
201,clueweb12-0711wb-72-07347,1
201,clueweb12-0712wb-13-29041,1
201,clueweb12-0712wb-53-05627,1
201,clueweb12-0712wb-66-26107,1
201,clueweb12-0713wb-35-13648,1
201,clueweb12-0713wb-38-03414,1
201,clueweb12-0713wb-53-13641,0
201,clueweb12-0713wb-62-15328,0
201,clueweb12-0714wb-00-13547,1
201,clueweb12-0716wb-29-07845,0
201,clueweb12-0716wb-86-24660,1
201,clueweb12-0717wb-19-18518,1
201,clueweb12-0717wb-31-34221,1
201,clueweb12-0800tw-05-18710,1
201,clueweb12-0800tw-13-17594,1
201,clueweb12-0800tw-13-20648,1
201,clueweb12-0800tw-17-25759,1
201,clueweb12-0800tw-17-25760,1
201,clueweb12-0800tw-17-25761,1
201,clueweb12-0800tw-20-08085,1
201,clueweb12-0800tw-20-08086,1
201,clueweb12-0800tw-20-11696,1
201,clueweb12-0800tw-24-12533,1
201,clueweb12-0800tw-37-07485,1
201,clueweb12-0800tw-88-09028,1
201,clueweb12-0800wb-04-25565,0
201,clueweb12-0800wb-08-03214,1
201,clueweb12-0800wb-34-17958,1
201,clueweb12-0802wb-64-20502,0
201,clueweb12-0807wb-51-08148,0
201,clueweb12-0807wb-91-00497,1
201,clueweb12-0807wb-93-08686,0
201,clueweb12-0808wb-98-13485,1
201,clueweb12-0809wb-23-05798,0
201,clueweb12-0809wb-35-25418,1
201,clueweb12-0809wb-37-01955,0
201,clueweb12-0809wb-58-06106,1
201,clueweb12-0810wb-64-06846,1
201,clueweb12-0810wb-78-21417,2
201,clueweb12-0816wb-83-13972,1
201,clueweb12-0818wb-58-25447,0
201,clueweb12-0900tw-16-01646,0
201,clueweb12-0900tw-34-09743,1
201,clueweb12-0900tw-63-01604,1
201,clueweb12-0900tw-97-01725,1
201,clueweb12-0900wb-34-08769,1
201,clueweb12-0900wb-35-34759,1
201,clueweb12-0900wb-35-34761,0
201,clueweb12-0901tw-08-02360,0
201,clueweb12-0902wb-72-11853,1
201,clueweb12-0904wb-53-24192,0
201,clueweb12-0904wb-71-24465,1
201,clueweb12-0904wb-71-24469,1
201,clueweb12-0904wb-71-24472,1
201,clueweb12-0904wb-85-19637,1
201,clueweb12-0905wb-50-14578,0
201,clueweb12-0906wb-67-25261,0
201,clueweb12-0906wb-96-33932,1
201,clueweb12-0907wb-95-27054,1
201,clueweb12-0908wb-09-14786,1
201,clueweb12-0908wb-98-10600,1
201,clueweb12-0909wb-35-26180,0
201,clueweb12-0909wb-35-26187,0
201,clueweb12-0909wb-96-26247,0
201,clueweb12-0915wb-07-09887,1
201,clueweb12-0915wb-34-01721,0
201,clueweb12-0915wb-38-28283,1
201,clueweb12-0915wb-93-12188,2
201,clueweb12-0915wb-93-18991,0
201,clueweb12-0915wb-93-18992,0
201,clueweb12-0915wb-93-18993,0
201,clueweb12-0916wb-37-04526,1
201,clueweb12-0916wb-56-28701,2
201,clueweb12-0917wb-42-14097,2
201,clueweb12-0917wb-56-05093,0
201,clueweb12-0917wb-66-01171,0
201,clueweb12-0917wb-70-07272,1
201,clueweb12-1000tw-51-15843,1
201,clueweb12-1003wb-22-01697,1
201,clueweb12-1003wb-73-00199,1
201,clueweb12-1004wb-00-27297,-2
201,clueweb12-1005wb-94-22903,0
201,clueweb12-1006wb-61-32731,0
201,clueweb12-1006wb-63-21998,-2
201,clueweb12-1006wb-74-15149,0
201,clueweb12-1006wb-74-15150,0
201,clueweb12-1006wb-74-15153,0
201,clueweb12-1006wb-76-06368,1
201,clueweb12-1007wb-48-27054,0
201,clueweb12-1011wb-98-09124,0
201,clueweb12-1020wb-30-13014,1
201,clueweb12-1020wb-30-13015,1
201,clueweb12-1100tw-40-07793,0
201,clueweb12-1100tw-72-06488,1
201,clueweb12-1102wb-91-12621,1
201,clueweb12-1103wb-47-05876,0
201,clueweb12-1103wb-53-15541,1
201,clueweb12-1103wb-89-23937,1
201,clueweb12-1108wb-74-23894,1
201,clueweb12-1110wb-45-29731,1
201,clueweb12-1111wb-41-15778,1
201,clueweb12-1112wb-75-23347,0
201,clueweb12-1116wb-83-04600,-2
201,clueweb12-1118wb-60-22945,-2
201,clueweb12-1118wb-73-13359,-2
201,clueweb12-1118wb-73-16211,0
201,clueweb12-1118wb-81-10505,-2
201,clueweb12-1200tw-08-14978,0
201,clueweb12-1200tw-10-09979,1
201,clueweb12-1200tw-32-07645,1
201,clueweb12-1200tw-74-09560,1
201,clueweb12-1200tw-80-04767,0
201,clueweb12-1200tw-80-10421,1
201,clueweb12-1200tw-93-12198,1
201,clueweb12-1200tw-93-12199,1
201,clueweb12-1200wb-88-01667,-2
201,clueweb12-1200wb-97-12884,-2
201,clueweb12-1205wb-35-08540,1
201,clueweb12-1205wb-61-24105,1
201,clueweb12-1205wb-71-01017,1
201,clueweb12-1205wb-78-13462,0
201,clueweb12-1209wb-13-15239,1
201,clueweb12-1213wb-24-15439,1
201,clueweb12-1216wb-93-13005,0
201,clueweb12-1216wb-96-23057,0
201,clueweb12-1300tw-81-10983,0
201,clueweb12-1305wb-52-24223,1
201,clueweb12-1310wb-04-16486,1
201,clueweb12-1310wb-65-14373,0
201,clueweb12-1315wb-06-03438,1
201,clueweb12-1400tw-14-21089,2
201,clueweb12-1400tw-64-09997,0
201,clueweb12-1407wb-23-30671,0
201,clueweb12-1410wb-28-00881,-2
201,clueweb12-1500tw-87-05762,0
201,clueweb12-1500tw-89-03150,1
201,clueweb12-1500tw-89-06869,0
201,clueweb12-1500tw-89-06870,0
201,clueweb12-1500tw-98-04929,1
201,clueweb12-1500wb-22-20068,0
201,clueweb12-1501tw-06-05942,1
201,clueweb12-1511wb-23-03949,1
201,clueweb12-1516wb-49-21417,2
201,clueweb12-1600tw-25-03206,0
201,clueweb12-1600tw-40-06466,1
201,clueweb12-1600tw-43-10277,1
201,clueweb12-1602wb-44-05440,1
201,clueweb12-1602wb-55-25975,1
201,clueweb12-1604wb-20-11054,0
201,clueweb12-1611wb-99-03925,1
201,clueweb12-1612wb-58-03749,1
201,clueweb12-1613wb-37-28549,1
201,clueweb12-1613wb-41-04806,2
201,clueweb12-1614wb-06-31862,1
201,clueweb12-1616wb-75-14860,1
201,clueweb12-1700tw-01-10630,1
201,clueweb12-1700tw-03-09403,1
201,clueweb12-1700tw-04-02422,1
201,clueweb12-1700tw-04-02424,1
201,clueweb12-1700tw-09-10153,1
201,clueweb12-1700tw-11-11014,0
201,clueweb12-1700tw-12-12180,1
201,clueweb12-1700tw-18-11287,1
201,clueweb12-1700tw-18-11460,1
201,clueweb12-1700tw-19-01998,1
201,clueweb12-1700tw-22-12689,0
201,clueweb12-1700tw-24-18392,0
201,clueweb12-1700tw-24-18393,0
201,clueweb12-1700tw-60-14505,0
201,clueweb12-1700tw-67-07399,1
201,clueweb12-1700tw-67-07400,1
201,clueweb12-1700tw-68-07859,1
201,clueweb12-1708wb-38-07075,0
201,clueweb12-1708wb-99-01915,0
201,clueweb12-1708wb-99-01957,0
201,clueweb12-1709wb-51-03892,0
201,clueweb12-1709wb-51-03906,0
201,clueweb12-1712wb-91-26912,1
201,clueweb12-1800tw-37-00636,1
201,clueweb12-1800tw-45-19214,1
201,clueweb12-1800tw-58-19641,0
201,clueweb12-1800tw-58-19644,0
201,clueweb12-1801wb-38-26067,1
201,clueweb12-1802wb-41-20488,0
201,clueweb12-1802wb-41-20489,0
201,clueweb12-1804wb-47-11412,1
201,clueweb12-1804wb-47-11414,1
201,clueweb12-1804wb-61-18411,1
201,clueweb12-1804wb-68-31616,1
201,clueweb12-1804wb-83-26991,1
201,clueweb12-1804wb-83-27006,1
201,clueweb12-1804wb-91-02269,1
201,clueweb12-1805wb-00-30333,1
201,clueweb12-1805wb-04-09143,1
201,clueweb12-1805wb-10-00159,1
201,clueweb12-1805wb-10-00164,1
201,clueweb12-1805wb-42-21505,1
201,clueweb12-1805wb-88-10172,1
201,clueweb12-1805wb-88-10173,1
201,clueweb12-1805wb-97-00510,1
201,clueweb12-1806wb-07-14285,1
201,clueweb12-1806wb-07-14286,1
201,clueweb12-1806wb-14-01949,1
201,clueweb12-1806wb-14-01950,1
201,clueweb12-1806wb-14-01951,1
201,clueweb12-1806wb-14-01952,1
201,clueweb12-1806wb-14-01953,1
201,clueweb12-1806wb-39-29403,1
201,clueweb12-1811wb-20-21538,1
201,clueweb12-1811wb-49-18124,0
201,clueweb12-1811wb-54-27714,0
201,clueweb12-1811wb-56-16219,1
201,clueweb12-1811wb-63-04122,0
201,clueweb12-1811wb-67-05340,0
201,clueweb12-1812wb-36-11474,0
201,clueweb12-1812wb-36-11475,0
201,clueweb12-1812wb-36-11476,0
201,clueweb12-1812wb-36-11477,0
201,clueweb12-1812wb-36-11478,0
201,clueweb12-1812wb-65-24519,1
201,clueweb12-1900tw-35-06166,0
201,clueweb12-1900tw-61-06687,1
201,clueweb12-1900wb-24-23012,1
201,clueweb12-1913wb-33-03742,1
202,clueweb12-0001wb-27-33452,0
202,clueweb12-0002wb-14-02885,0
202,clueweb12-0005wb-35-09005,0
202,clueweb12-0005wb-36-15751,0
202,clueweb12-0008wb-33-14768,0
202,clueweb12-0008wb-33-14769,0
202,clueweb12-0008wb-51-23021,0
202,clueweb12-0008wb-51-23022,0
202,clueweb12-0008wb-51-23026,0
202,clueweb12-0009wb-43-04224,0
202,clueweb12-0010wb-21-24657,0
202,clueweb12-0010wb-36-02425,0
202,clueweb12-0011wb-73-29217,0
202,clueweb12-0013wb-55-03388,0
202,clueweb12-0013wb-59-04778,0
202,clueweb12-0100tw-12-07624,0
202,clueweb12-0100wb-20-01372,0
202,clueweb12-0100wb-44-30245,0
202,clueweb12-0100wb-64-08244,0
202,clueweb12-0100wb-77-28276,0
202,clueweb12-0100wb-98-08558,0
202,clueweb12-0101wb-07-23584,0
202,clueweb12-0102wb-34-14045,0
202,clueweb12-0102wb-70-25965,0
202,clueweb12-0102wb-86-24545,0
202,clueweb12-0103wb-21-16175,0
202,clueweb12-0103wb-46-24983,0
202,clueweb12-0104wb-10-18886,0
202,clueweb12-0104wb-57-26599,0
202,clueweb12-0105wb-82-26360,0
202,clueweb12-0108wb-61-00476,0
202,clueweb12-0111wb-55-32161,0
202,clueweb12-0202wb-67-18846,0
202,clueweb12-0203wb-70-20735,0
202,clueweb12-0204wb-17-00480,0
202,clueweb12-0205wb-88-32545,0
202,clueweb12-0206wb-61-12908,0
202,clueweb12-0206wb-76-27846,-2
202,clueweb12-0207wb-21-05464,0
202,clueweb12-0207wb-80-09064,0
202,clueweb12-0209wb-09-11391,0
202,clueweb12-0209wb-80-33566,0
202,clueweb12-0210wb-09-02677,0
202,clueweb12-0210wb-17-32354,0
202,clueweb12-0211wb-82-16019,0
202,clueweb12-0212wb-15-25356,0
202,clueweb12-0300wb-08-11061,0
202,clueweb12-0303wb-04-08428,0
202,clueweb12-0303wb-92-12685,0
202,clueweb12-0304wb-36-19053,0
202,clueweb12-0305wb-35-13201,0
202,clueweb12-0305wb-62-31165,0
202,clueweb12-0403wb-07-17425,0
202,clueweb12-0405wb-50-23725,0
202,clueweb12-0405wb-59-02836,0
202,clueweb12-0405wb-81-18234,0
202,clueweb12-0405wb-98-20038,0
202,clueweb12-0406wb-97-02347,0
202,clueweb12-0407wb-28-19842,0
202,clueweb12-0410wb-82-17853,0
202,clueweb12-0412wb-03-03994,0
202,clueweb12-0412wb-03-03995,0
202,clueweb12-0412wb-15-12461,0
202,clueweb12-0500tw-06-07919,0
202,clueweb12-0502wb-65-22527,0
202,clueweb12-0502wb-85-19368,0
202,clueweb12-0502wb-85-19374,0
202,clueweb12-0503wb-06-01803,0
202,clueweb12-0506wb-62-22811,0
202,clueweb12-0506wb-79-15485,0
202,clueweb12-0507wb-02-23676,0
202,clueweb12-0510wb-95-32597,0
202,clueweb12-0511wb-25-03910,0
202,clueweb12-0511wb-46-22481,0
202,clueweb12-0601wb-18-11856,0
202,clueweb12-0602wb-34-08563,0
202,clueweb12-0602wb-37-16519,0
202,clueweb12-0602wb-37-16520,0
202,clueweb12-0602wb-40-19720,0
202,clueweb12-0602wb-40-19721,0
202,clueweb12-0602wb-40-19722,0
202,clueweb12-0602wb-40-19723,0
202,clueweb12-0602wb-40-19724,0
202,clueweb12-0602wb-40-19725,0
202,clueweb12-0602wb-40-19726,0
202,clueweb12-0602wb-45-15703,0
202,clueweb12-0602wb-45-15704,0
202,clueweb12-0603wb-42-04167,-2
202,clueweb12-0606wb-58-19274,0
202,clueweb12-0606wb-62-03233,0
202,clueweb12-0607wb-09-10783,0
202,clueweb12-0607wb-10-15590,0
202,clueweb12-0610wb-53-03244,0
202,clueweb12-0612wb-17-27945,0
202,clueweb12-0700tw-75-05625,0
202,clueweb12-0800tw-32-12258,0
202,clueweb12-0800tw-57-00770,0
202,clueweb12-0800wb-41-14545,0
202,clueweb12-0805wb-29-00101,0
202,clueweb12-0809wb-40-05725,0
202,clueweb12-0809wb-92-11210,0
202,clueweb12-0812wb-52-12005,0
202,clueweb12-0812wb-57-24125,0
202,clueweb12-0813wb-01-16393,0
202,clueweb12-0814wb-20-13703,0
202,clueweb12-0815wb-93-02795,0
202,clueweb12-0817wb-48-28305,4
202,clueweb12-0817wb-91-03089,0
202,clueweb12-0818wb-66-29513,0
202,clueweb12-0900tw-05-12646,-2
202,clueweb12-0900tw-23-04411,0
202,clueweb12-0900tw-24-00475,0
202,clueweb12-0900tw-39-13453,0
202,clueweb12-0901wb-17-20712,0
202,clueweb12-0901wb-69-00992,0
202,clueweb12-0902wb-25-17572,0
202,clueweb12-0903wb-08-05023,0
202,clueweb12-0903wb-65-03027,0
202,clueweb12-0904wb-87-00462,0
202,clueweb12-0905wb-55-19240,0
202,clueweb12-0905wb-62-10263,0
202,clueweb12-0905wb-62-10264,0
202,clueweb12-0918wb-26-09360,0
202,clueweb12-1000tw-12-03397,0
202,clueweb12-1000wb-85-18667,0
202,clueweb12-1002wb-12-01571,0
202,clueweb12-1003wb-26-06940,0
202,clueweb12-1004wb-58-26866,0
202,clueweb12-1006wb-17-21364,0
202,clueweb12-1007wb-78-14534,0
202,clueweb12-1007wb-90-19046,0
202,clueweb12-1008wb-66-19209,0
202,clueweb12-1009wb-22-09738,0
202,clueweb12-1013wb-15-21838,0
202,clueweb12-1019wb-55-07377,0
202,clueweb12-1100tw-18-08929,0
202,clueweb12-1100tw-18-08930,0
202,clueweb12-1100tw-35-08357,0
202,clueweb12-1100wb-74-12425,0
202,clueweb12-1102wb-75-16220,0
202,clueweb12-1104wb-79-08217,0
202,clueweb12-1112wb-22-06680,0
202,clueweb12-1112wb-71-02492,0
202,clueweb12-1115wb-62-18179,0
202,clueweb12-1116wb-12-30914,0
202,clueweb12-1116wb-59-18964,0
202,clueweb12-1116wb-73-22091,0
202,clueweb12-1118wb-26-26611,0
202,clueweb12-1118wb-26-26616,0
202,clueweb12-1118wb-60-01280,0
202,clueweb12-1118wb-60-01282,0
202,clueweb12-1118wb-63-06100,0
202,clueweb12-1118wb-79-27550,0
202,clueweb12-1200wb-95-00626,0
202,clueweb12-1204wb-57-16947,0
202,clueweb12-1205wb-18-29328,0
202,clueweb12-1206wb-33-15528,0
202,clueweb12-1212wb-02-13082,0
202,clueweb12-1215wb-33-08369,0
202,clueweb12-1216wb-29-29797,0
202,clueweb12-1216wb-41-05666,0
202,clueweb12-1217wb-38-28443,0
202,clueweb12-1300tw-67-03487,0
202,clueweb12-1300tw-73-05391,0
202,clueweb12-1300wb-03-29019,-2
202,clueweb12-1300wb-41-17656,0
202,clueweb12-1301wb-04-12738,0
202,clueweb12-1304wb-45-03877,0
202,clueweb12-1304wb-56-00880,0
202,clueweb12-1304wb-62-13496,0
202,clueweb12-1304wb-62-13500,0
202,clueweb12-1305wb-06-26685,0
202,clueweb12-1309wb-19-15124,0
202,clueweb12-1310wb-24-26317,0
202,clueweb12-1314wb-40-05225,0
202,clueweb12-1400tw-16-11230,0
202,clueweb12-1400tw-18-10019,0
202,clueweb12-1400tw-59-07198,0
202,clueweb12-1406wb-39-07752,0
202,clueweb12-1411wb-81-25737,0
202,clueweb12-1412wb-17-24994,0
202,clueweb12-1412wb-25-05309,0
202,clueweb12-1415wb-40-03869,0
202,clueweb12-1415wb-76-20214,0
202,clueweb12-1416wb-60-15323,0
202,clueweb12-1500tw-28-00767,0
202,clueweb12-1500wb-51-10404,0
202,clueweb12-1500wb-51-12151,0
202,clueweb12-1502wb-88-24992,0
202,clueweb12-1511wb-66-02968,0
202,clueweb12-1511wb-82-03104,0
202,clueweb12-1514wb-76-23182,0
202,clueweb12-1514wb-76-23186,0
202,clueweb12-1515wb-31-06377,0
202,clueweb12-1602wb-36-11840,0
202,clueweb12-1700tw-08-09302,0
202,clueweb12-1700tw-08-09303,0
202,clueweb12-1700tw-26-19458,0
202,clueweb12-1701wb-32-00144,0
202,clueweb12-1701wb-88-15679,0
202,clueweb12-1701wb-94-12188,0
202,clueweb12-1701wb-94-12194,0
202,clueweb12-1701wb-94-12199,0
202,clueweb12-1702wb-39-29389,0
202,clueweb12-1702wb-43-28338,0
202,clueweb12-1702wb-43-28339,0
202,clueweb12-1702wb-43-28359,0
202,clueweb12-1702wb-52-18834,0
202,clueweb12-1702wb-98-29608,0
202,clueweb12-1703wb-12-05247,0
202,clueweb12-1704wb-81-21983,0
202,clueweb12-1705wb-22-13047,0
202,clueweb12-1707wb-98-07904,0
202,clueweb12-1802wb-29-21108,0
202,clueweb12-1803wb-71-06380,0
202,clueweb12-1806wb-88-04355,0
202,clueweb12-1807wb-57-22320,0
202,clueweb12-1807wb-86-09003,0
202,clueweb12-1808wb-46-30774,0
202,clueweb12-1809wb-13-29568,0
202,clueweb12-1809wb-26-26787,0
202,clueweb12-1809wb-61-03622,0
202,clueweb12-1810wb-51-18514,0
202,clueweb12-1811wb-27-08062,0
202,clueweb12-1811wb-97-04637,0
202,clueweb12-1815wb-00-13560,0
202,clueweb12-1900tw-27-05755,0
202,clueweb12-1900tw-32-20698,0
202,clueweb12-1900tw-53-20555,0
202,clueweb12-1909wb-65-23698,0
202,clueweb12-1910wb-28-14207,0
203,clueweb12-0000wb-35-00332,0
203,clueweb12-0000wb-59-29613,0
203,clueweb12-0001wb-17-00643,0
203,clueweb12-0001wb-80-19541,2
203,clueweb12-0001wb-85-15380,2
203,clueweb12-0001wb-99-29092,3
203,clueweb12-0002wb-05-12516,0
203,clueweb12-0002wb-20-08962,0
203,clueweb12-0002wb-33-15556,0
203,clueweb12-0002wb-54-31306,2
203,clueweb12-0002wb-55-21171,1
203,clueweb12-0002wb-56-15117,0
203,clueweb12-0002wb-62-07950,0
203,clueweb12-0003wb-35-28510,0
203,clueweb12-0003wb-48-11669,0
203,clueweb12-0003wb-55-14720,0
203,clueweb12-0004wb-16-35952,1
203,clueweb12-0004wb-95-22264,0
203,clueweb12-0006wb-00-32944,0
203,clueweb12-0006wb-23-14549,0
203,clueweb12-0007wb-02-09952,0
203,clueweb12-0008wb-03-22246,0
203,clueweb12-0008wb-45-07053,0
203,clueweb12-0008wb-76-24523,3
203,clueweb12-0009wb-14-08577,0
203,clueweb12-0009wb-54-04018,0
203,clueweb12-0009wb-76-36337,0
203,clueweb12-0010wb-28-31568,0
203,clueweb12-0010wb-56-12728,0
203,clueweb12-0011wb-30-21099,1
203,clueweb12-0011wb-42-20194,0
203,clueweb12-0011wb-65-26429,2
203,clueweb12-0013wb-50-20216,0
203,clueweb12-0100wb-16-17139,0
203,clueweb12-0102wb-16-28903,1
203,clueweb12-0102wb-16-28911,0
203,clueweb12-0102wb-32-30963,1
203,clueweb12-0102wb-35-04103,0
203,clueweb12-0102wb-66-17939,0
203,clueweb12-0102wb-68-07376,1
203,clueweb12-0102wb-76-05725,0
203,clueweb12-0102wb-83-06565,0
203,clueweb12-0103wb-03-29653,1
203,clueweb12-0103wb-27-32640,0
203,clueweb12-0103wb-30-11697,0
203,clueweb12-0103wb-33-26806,3
203,clueweb12-0103wb-73-07361,0
203,clueweb12-0103wb-91-09127,3
203,clueweb12-0106wb-72-32609,3
203,clueweb12-0108wb-17-00011,1
203,clueweb12-0108wb-43-32077,2
203,clueweb12-0108wb-91-10770,0
203,clueweb12-0108wb-99-13661,3
203,clueweb12-0109wb-35-32691,1
203,clueweb12-0109wb-57-18780,1
203,clueweb12-0110wb-22-12656,0
203,clueweb12-0110wb-69-12980,0
203,clueweb12-0111wb-03-22109,0
203,clueweb12-0111wb-05-00915,0
203,clueweb12-0111wb-25-01235,3
203,clueweb12-0111wb-55-23536,1
203,clueweb12-0111wb-89-13393,3
203,clueweb12-0112wb-47-12595,0
203,clueweb12-0200tw-51-07513,0
203,clueweb12-0200tw-52-15203,0
203,clueweb12-0200tw-76-07113,0
203,clueweb12-0200wb-59-26974,1
203,clueweb12-0200wb-69-05319,1
203,clueweb12-0201wb-08-05893,1
203,clueweb12-0202wb-27-03322,1
203,clueweb12-0203wb-11-28386,0
203,clueweb12-0203wb-79-28154,2
203,clueweb12-0205wb-88-31300,0
203,clueweb12-0205wb-88-31302,0
203,clueweb12-0205wb-88-31303,0
203,clueweb12-0205wb-95-09696,0
203,clueweb12-0205wb-95-09698,0
203,clueweb12-0205wb-95-09699,0
203,clueweb12-0205wb-95-09700,0
203,clueweb12-0205wb-95-09701,0
203,clueweb12-0205wb-95-09703,0
203,clueweb12-0205wb-95-09705,0
203,clueweb12-0205wb-95-09706,0
203,clueweb12-0205wb-95-09707,0
203,clueweb12-0205wb-95-09708,0
203,clueweb12-0205wb-95-09709,0
203,clueweb12-0205wb-95-09711,0
203,clueweb12-0206wb-01-21068,0
203,clueweb12-0206wb-01-21069,0
203,clueweb12-0206wb-52-07957,1
203,clueweb12-0206wb-62-11090,0
203,clueweb12-0206wb-78-05476,3
203,clueweb12-0206wb-78-30965,3
203,clueweb12-0207wb-59-01850,1
203,clueweb12-0207wb-62-04849,0
203,clueweb12-0207wb-93-10480,0
203,clueweb12-0207wb-98-29332,0
203,clueweb12-0208wb-57-28748,0
203,clueweb12-0208wb-61-26971,3
203,clueweb12-0208wb-96-18323,0
203,clueweb12-0209wb-25-16886,-2
203,clueweb12-0209wb-40-17048,2
203,clueweb12-0209wb-54-10562,1
203,clueweb12-0209wb-71-23791,0
203,clueweb12-0209wb-79-26547,0
203,clueweb12-0209wb-87-29273,1
203,clueweb12-0210wb-17-20746,0
203,clueweb12-0210wb-27-14282,1
203,clueweb12-0210wb-37-01841,1
203,clueweb12-0210wb-71-31713,0
203,clueweb12-0211wb-43-35222,2
203,clueweb12-0301wb-34-30593,0
203,clueweb12-0301wb-51-34466,0
203,clueweb12-0301wb-73-33709,1
203,clueweb12-0301wb-77-06777,1
203,clueweb12-0301wb-83-06219,0
203,clueweb12-0301wb-87-21989,0
203,clueweb12-0302wb-30-01515,0
203,clueweb12-0302wb-57-05895,0
203,clueweb12-0303wb-04-16681,0
203,clueweb12-0303wb-41-32171,0
203,clueweb12-0303wb-78-08266,1
203,clueweb12-0304wb-45-22225,0
203,clueweb12-0304wb-57-05579,2
203,clueweb12-0304wb-86-04438,-2
203,clueweb12-0305wb-14-15884,0
203,clueweb12-0305wb-84-19399,0
203,clueweb12-0306wb-69-12313,0
203,clueweb12-0306wb-74-10541,0
203,clueweb12-0306wb-77-19189,0
203,clueweb12-0307wb-02-27284,0
203,clueweb12-0307wb-12-21443,0
203,clueweb12-0307wb-21-29044,0
203,clueweb12-0307wb-36-26213,3
203,clueweb12-0307wb-37-12778,0
203,clueweb12-0307wb-37-12779,0
203,clueweb12-0307wb-37-12780,0
203,clueweb12-0310wb-40-22970,0
203,clueweb12-0311wb-46-05861,3
203,clueweb12-0400tw-17-20584,0
203,clueweb12-0400tw-19-12671,0
203,clueweb12-0400tw-58-07690,0
203,clueweb12-0400wb-02-27197,1
203,clueweb12-0400wb-84-11912,0
203,clueweb12-0400wb-95-09172,3
203,clueweb12-0401wb-72-06775,1
203,clueweb12-0403wb-06-24242,0
203,clueweb12-0405wb-79-21504,0
203,clueweb12-0406wb-10-25426,2
203,clueweb12-0407wb-58-12059,-2
203,clueweb12-0408wb-26-08912,0
203,clueweb12-0408wb-52-15573,3
203,clueweb12-0409wb-56-33067,3
203,clueweb12-0409wb-99-02118,0
203,clueweb12-0410wb-99-03777,0
203,clueweb12-0500tw-26-08047,0
203,clueweb12-0500wb-47-17608,0
203,clueweb12-0501wb-63-32813,3
203,clueweb12-0501wb-76-28882,0
203,clueweb12-0503wb-62-32666,0
203,clueweb12-0504wb-65-22028,0
203,clueweb12-0504wb-70-34053,0
203,clueweb12-0505wb-05-04104,0
203,clueweb12-0508wb-18-02506,2
203,clueweb12-0508wb-18-13882,0
203,clueweb12-0508wb-87-07748,3
203,clueweb12-0510wb-80-06158,0
203,clueweb12-0511wb-33-10024,0
203,clueweb12-0600wb-00-20108,0
203,clueweb12-0604wb-05-34299,3
203,clueweb12-0604wb-34-24479,1
203,clueweb12-0604wb-87-21564,3
203,clueweb12-0605wb-94-18844,0
203,clueweb12-0608wb-01-04991,0
203,clueweb12-0612wb-02-31540,2
203,clueweb12-0612wb-32-15072,0
203,clueweb12-0612wb-66-12503,0
203,clueweb12-0612wb-80-12068,0
203,clueweb12-0700tw-70-00225,3
203,clueweb12-0700tw-72-11865,3
203,clueweb12-0700wb-40-13679,0
203,clueweb12-0701wb-02-10884,0
203,clueweb12-0701wb-20-22317,1
203,clueweb12-0701wb-70-08642,0
203,clueweb12-0703wb-31-06804,0
203,clueweb12-0703wb-31-06810,0
203,clueweb12-0703wb-64-25150,0
203,clueweb12-0703wb-93-15062,0
203,clueweb12-0704wb-14-27947,0
203,clueweb12-0704wb-14-27955,0
203,clueweb12-0706wb-43-27936,3
203,clueweb12-0706wb-50-07980,0
203,clueweb12-0706wb-54-19760,1
203,clueweb12-0707wb-19-17782,0
203,clueweb12-0709wb-01-09481,-2
203,clueweb12-0711wb-88-20082,1
203,clueweb12-0712wb-43-02163,1
203,clueweb12-0712wb-56-26505,0
203,clueweb12-0712wb-69-25339,1
203,clueweb12-0712wb-69-25340,1
203,clueweb12-0712wb-69-25341,1
203,clueweb12-0712wb-69-25342,1
203,clueweb12-0712wb-69-25343,1
203,clueweb12-0712wb-69-25344,1
203,clueweb12-0712wb-91-07912,3
203,clueweb12-0713wb-07-10589,1
203,clueweb12-0714wb-39-01317,0
203,clueweb12-0717wb-12-26649,0
203,clueweb12-0800tw-05-21849,0
203,clueweb12-0800tw-09-03472,0
203,clueweb12-0800tw-61-02099,0
203,clueweb12-0800tw-67-10971,0
203,clueweb12-0800tw-67-10972,0
203,clueweb12-0805wb-07-09478,0
203,clueweb12-0805wb-14-04542,3
203,clueweb12-0805wb-40-20713,0
203,clueweb12-0805wb-52-16317,0
203,clueweb12-0807wb-08-29218,0
203,clueweb12-0807wb-09-03736,0
203,clueweb12-0807wb-64-18762,0
203,clueweb12-0808wb-28-03905,0
203,clueweb12-0808wb-65-05575,1
203,clueweb12-0814wb-59-05798,0
203,clueweb12-0815wb-43-20295,2
203,clueweb12-0815wb-56-05969,0
203,clueweb12-0815wb-60-25734,0
203,clueweb12-0904wb-10-07663,0
203,clueweb12-0909wb-88-17977,0
203,clueweb12-0914wb-44-07104,3
203,clueweb12-0914wb-72-26039,0
203,clueweb12-0918wb-42-07479,0
203,clueweb12-1000tw-01-08193,3
203,clueweb12-1000tw-21-14374,0
203,clueweb12-1007wb-24-16170,0
203,clueweb12-1007wb-38-22258,3
203,clueweb12-1008wb-09-12603,0
203,clueweb12-1009wb-86-25964,0
203,clueweb12-1011wb-94-15357,2
203,clueweb12-1016wb-42-25442,0
203,clueweb12-1100tw-15-00674,0
203,clueweb12-1100tw-15-00675,0
203,clueweb12-1100tw-17-01835,0
203,clueweb12-1100tw-30-02547,0
203,clueweb12-1100tw-69-13070,3
203,clueweb12-1100tw-69-13071,3
203,clueweb12-1101tw-03-03299,0
203,clueweb12-1101tw-03-03300,0
203,clueweb12-1106wb-48-10200,1
203,clueweb12-1107wb-09-15543,0
203,clueweb12-1107wb-13-23211,0
203,clueweb12-1107wb-15-23250,0
203,clueweb12-1107wb-15-23251,0
203,clueweb12-1107wb-71-14984,0
203,clueweb12-1107wb-71-14986,0
203,clueweb12-1107wb-71-14987,0
203,clueweb12-1107wb-73-15205,0
203,clueweb12-1107wb-86-24665,1
203,clueweb12-1110wb-41-24372,0
203,clueweb12-1111wb-42-16685,0
203,clueweb12-1111wb-53-13591,0
203,clueweb12-1111wb-61-25620,0
203,clueweb12-1114wb-64-21708,1
203,clueweb12-1117wb-12-04920,0
203,clueweb12-1117wb-12-04921,0
203,clueweb12-1117wb-30-25082,0
203,clueweb12-1200tw-23-11836,0
203,clueweb12-1200tw-25-02482,1
203,clueweb12-1200tw-35-00658,1
203,clueweb12-1200tw-36-07532,0
203,clueweb12-1200tw-38-09946,0
203,clueweb12-1201tw-21-20245,1
203,clueweb12-1201tw-23-19017,1
203,clueweb12-1202wb-28-15923,0
203,clueweb12-1205wb-29-13782,0
203,clueweb12-1205wb-61-16724,1
203,clueweb12-1207wb-31-13159,3
203,clueweb12-1210wb-43-16198,0
203,clueweb12-1211wb-98-18684,0
203,clueweb12-1214wb-68-22557,2
203,clueweb12-1214wb-72-13405,0
203,clueweb12-1216wb-40-29398,1
203,clueweb12-1217wb-85-07116,0
203,clueweb12-1300tw-54-12759,1
203,clueweb12-1300tw-56-10628,1
203,clueweb12-1300tw-60-20923,0
203,clueweb12-1300wb-35-07121,0
203,clueweb12-1300wb-96-03757,-2
203,clueweb12-1306wb-35-05325,0
203,clueweb12-1308wb-30-08683,0
203,clueweb12-1308wb-58-14127,1
203,clueweb12-1308wb-69-04033,3
203,clueweb12-1308wb-71-10850,3
203,clueweb12-1309wb-10-22876,0
203,clueweb12-1309wb-45-13337,0
203,clueweb12-1309wb-45-13338,0
203,clueweb12-1309wb-90-16396,2
203,clueweb12-1310wb-09-15085,1
203,clueweb12-1311wb-64-25139,1
203,clueweb12-1312wb-51-30325,0
203,clueweb12-1312wb-89-11885,3
203,clueweb12-1313wb-17-10462,0
203,clueweb12-1313wb-56-15640,0
203,clueweb12-1400tw-34-03508,0
203,clueweb12-1400tw-55-13237,0
203,clueweb12-1400tw-61-12296,0
203,clueweb12-1400tw-63-11237,0
203,clueweb12-1400tw-63-11238,0
203,clueweb12-1400tw-63-11239,0
203,clueweb12-1401wb-12-29321,0
203,clueweb12-1401wb-48-08855,0
203,clueweb12-1403wb-72-16075,3
203,clueweb12-1405wb-01-18878,0
203,clueweb12-1405wb-01-18883,0
203,clueweb12-1405wb-01-18885,1
203,clueweb12-1405wb-22-16043,0
203,clueweb12-1408wb-42-16718,0
203,clueweb12-1409wb-85-12871,0
203,clueweb12-1411wb-38-21870,0
203,clueweb12-1412wb-65-12246,2
203,clueweb12-1413wb-51-22614,3
203,clueweb12-1414wb-44-16705,2
203,clueweb12-1415wb-90-15596,2
203,clueweb12-1500tw-52-03041,0
203,clueweb12-1500wb-17-25652,0
203,clueweb12-1500wb-22-10028,0
203,clueweb12-1500wb-52-21496,1
203,clueweb12-1501wb-39-27035,2
203,clueweb12-1501wb-41-18155,0
203,clueweb12-1501wb-94-07374,3
203,clueweb12-1502wb-39-10909,1
203,clueweb12-1503wb-16-12246,0
203,clueweb12-1503wb-38-28727,0
203,clueweb12-1505wb-68-05243,3
203,clueweb12-1505wb-77-18868,3
203,clueweb12-1506wb-61-08595,3
203,clueweb12-1508wb-82-28653,2
203,clueweb12-1511wb-62-11831,0
203,clueweb12-1513wb-11-20630,0
203,clueweb12-1514wb-35-27255,1
203,clueweb12-1515wb-93-32165,0
203,clueweb12-1600tw-46-03692,0
203,clueweb12-1600wb-23-16141,0
203,clueweb12-1610wb-52-06375,0
203,clueweb12-1612wb-28-24304,0
203,clueweb12-1615wb-55-06412,3
203,clueweb12-1615wb-59-23008,3
203,clueweb12-1616wb-24-00943,1
203,clueweb12-1616wb-28-18498,2
203,clueweb12-1616wb-49-07379,0
203,clueweb12-1616wb-90-02715,0
203,clueweb12-1616wb-92-32022,0
203,clueweb12-1616wb-93-16046,0
203,clueweb12-1617wb-15-06546,0
203,clueweb12-1617wb-23-28073,0
203,clueweb12-1700wb-56-14811,0
203,clueweb12-1701wb-30-23383,0
203,clueweb12-1705wb-33-08977,2
203,clueweb12-1710wb-23-28817,3
203,clueweb12-1710wb-62-30704,0
203,clueweb12-1713wb-90-08996,0
203,clueweb12-1713wb-90-29367,1
203,clueweb12-1716wb-19-16786,0
203,clueweb12-1800tw-44-09949,1
203,clueweb12-1800tw-54-04940,0
203,clueweb12-1801wb-29-16150,0
203,clueweb12-1803wb-94-24162,3
203,clueweb12-1804wb-67-23466,0
203,clueweb12-1807wb-75-30864,0
203,clueweb12-1808wb-26-18562,3
203,clueweb12-1813wb-61-28021,2
203,clueweb12-1813wb-62-26031,0
203,clueweb12-1814wb-21-02710,0
203,clueweb12-1814wb-48-23922,0
203,clueweb12-1815wb-04-09635,0
203,clueweb12-1900tw-44-12378,0
203,clueweb12-1900wb-55-06777,1
203,clueweb12-1900wb-77-12211,3
203,clueweb12-1901wb-23-17460,3
203,clueweb12-1904wb-85-18115,0
203,clueweb12-1907wb-00-00899,0
203,clueweb12-1910wb-19-12198,3
203,clueweb12-1910wb-98-32692,2
203,clueweb12-1911wb-44-14977,0
203,clueweb12-1911wb-74-31199,2
204,clueweb12-0000wb-26-11176,0
204,clueweb12-0000wb-31-33977,1
204,clueweb12-0000wb-44-13235,1
204,clueweb12-0000wb-58-29498,0
204,clueweb12-0000wb-76-37759,2
204,clueweb12-0000wb-82-17939,0
204,clueweb12-0001wb-04-29912,1
204,clueweb12-0001wb-04-29940,0
204,clueweb12-0001wb-15-08057,0
204,clueweb12-0001wb-47-27943,0
204,clueweb12-0001wb-76-22990,0
204,clueweb12-0002wb-34-12153,2
204,clueweb12-0002wb-34-12155,1
204,clueweb12-0002wb-34-12166,1
204,clueweb12-0002wb-34-12168,0
204,clueweb12-0002wb-34-12169,2
204,clueweb12-0002wb-34-12170,1
204,clueweb12-0002wb-34-12171,0
204,clueweb12-0002wb-34-12172,0
204,clueweb12-0002wb-43-37240,2
204,clueweb12-0002wb-43-37278,0
204,clueweb12-0002wb-54-32043,0
204,clueweb12-0002wb-72-32888,0
204,clueweb12-0002wb-80-12845,0
204,clueweb12-0003wb-35-01983,0
204,clueweb12-0004wb-09-20967,1
204,clueweb12-0004wb-28-22811,0
204,clueweb12-0004wb-91-19843,1
204,clueweb12-0005wb-19-30345,2
204,clueweb12-0005wb-19-30358,0
204,clueweb12-0005wb-19-30361,2
204,clueweb12-0005wb-40-25704,1
204,clueweb12-0005wb-40-25706,2
204,clueweb12-0005wb-51-30117,2
204,clueweb12-0005wb-51-30120,1
204,clueweb12-0005wb-51-30122,2
204,clueweb12-0005wb-51-30123,2
204,clueweb12-0005wb-51-30125,2
204,clueweb12-0005wb-51-30127,2
204,clueweb12-0005wb-51-30128,2
204,clueweb12-0005wb-51-30129,2
204,clueweb12-0005wb-51-30130,2
204,clueweb12-0005wb-51-30137,0
204,clueweb12-0005wb-51-30151,1
204,clueweb12-0005wb-65-23311,2
204,clueweb12-0005wb-65-23313,2
204,clueweb12-0005wb-65-23314,2
204,clueweb12-0005wb-65-23318,2
204,clueweb12-0005wb-65-23319,2
204,clueweb12-0005wb-65-23321,2
204,clueweb12-0005wb-65-23323,2
204,clueweb12-0005wb-65-23324,2
204,clueweb12-0005wb-65-23325,2
204,clueweb12-0005wb-65-23332,1
204,clueweb12-0005wb-77-23569,2
204,clueweb12-0006wb-00-03631,0
204,clueweb12-0006wb-01-29528,0
204,clueweb12-0006wb-05-18192,0
204,clueweb12-0007wb-30-23107,0
204,clueweb12-0007wb-32-33401,0
204,clueweb12-0007wb-49-30228,0
204,clueweb12-0008wb-77-13042,0
204,clueweb12-0008wb-98-28895,2
204,clueweb12-0101wb-27-18230,0
204,clueweb12-0102wb-05-25376,0
204,clueweb12-0103wb-16-10147,3
204,clueweb12-0103wb-97-00180,0
204,clueweb12-0104wb-05-26523,1
204,clueweb12-0104wb-41-18281,0
204,clueweb12-0107wb-83-25497,2
204,clueweb12-0108wb-24-32459,0
204,clueweb12-0108wb-92-27446,0
204,clueweb12-0108wb-94-16116,0
204,clueweb12-0109wb-49-06267,1
204,clueweb12-0109wb-54-09710,2
204,clueweb12-0110wb-78-16961,0
204,clueweb12-0110wb-80-21518,0
204,clueweb12-0110wb-80-21521,0
204,clueweb12-0111wb-40-25170,1
204,clueweb12-0111wb-73-33614,1
204,clueweb12-0111wb-83-07644,0
204,clueweb12-0112wb-11-03858,0
204,clueweb12-0112wb-43-22159,0
204,clueweb12-0200tw-05-19705,0
204,clueweb12-0200wb-52-06045,0
204,clueweb12-0200wb-61-02299,0
204,clueweb12-0202wb-25-15698,0
204,clueweb12-0202wb-26-11658,0
204,clueweb12-0202wb-83-10845,0
204,clueweb12-0203wb-06-05435,0
204,clueweb12-0203wb-13-15772,0
204,clueweb12-0203wb-51-24666,0
204,clueweb12-0203wb-99-28669,0
204,clueweb12-0204wb-92-17336,1
204,clueweb12-0205wb-09-31513,2
204,clueweb12-0205wb-96-31245,0
204,clueweb12-0206wb-01-31313,0
204,clueweb12-0206wb-05-32091,2
204,clueweb12-0206wb-70-00373,0
204,clueweb12-0206wb-86-32445,1
204,clueweb12-0207wb-78-19090,0
204,clueweb12-0207wb-85-00335,1
204,clueweb12-0209wb-92-06352,0
204,clueweb12-0211wb-27-17974,0
204,clueweb12-0300wb-90-13980,0
204,clueweb12-0300wb-90-13981,0
204,clueweb12-0300wb-98-20074,0
204,clueweb12-0301tw-04-01374,0
204,clueweb12-0301wb-18-21387,0
204,clueweb12-0301wb-24-01237,0
204,clueweb12-0301wb-43-25002,1
204,clueweb12-0301wb-53-28234,0
204,clueweb12-0302wb-08-19025,1
204,clueweb12-0302wb-08-19026,0
204,clueweb12-0302wb-37-07068,1
204,clueweb12-0302wb-60-20041,0
204,clueweb12-0303wb-38-22452,0
204,clueweb12-0303wb-97-28735,0
204,clueweb12-0303wb-97-28740,0
204,clueweb12-0304wb-07-25120,1
204,clueweb12-0304wb-07-25121,1
204,clueweb12-0304wb-07-25122,1
204,clueweb12-0304wb-07-25123,1
204,clueweb12-0304wb-16-07247,-2
204,clueweb12-0304wb-17-21523,2
204,clueweb12-0304wb-27-03544,0
204,clueweb12-0311wb-16-15162,0
204,clueweb12-0311wb-35-25162,2
204,clueweb12-0311wb-57-09901,2
204,clueweb12-0311wb-57-09902,2
204,clueweb12-0311wb-57-09956,2
204,clueweb12-0402wb-31-00377,1
204,clueweb12-0404wb-13-06556,0
204,clueweb12-0410wb-18-12323,1
204,clueweb12-0410wb-55-28590,1
204,clueweb12-0411wb-04-28847,1
204,clueweb12-0500wb-07-11681,0
204,clueweb12-0500wb-35-24740,0
204,clueweb12-0504wb-78-28164,1
204,clueweb12-0509wb-42-05162,0
204,clueweb12-0512wb-08-34353,2
204,clueweb12-0600wb-78-29262,2
204,clueweb12-0602wb-06-32289,2
204,clueweb12-0603wb-72-20767,2
204,clueweb12-0701wb-01-17496,0
204,clueweb12-0701wb-14-12383,0
204,clueweb12-0701wb-42-07581,1
204,clueweb12-0704wb-15-34534,0
204,clueweb12-0704wb-79-06295,0
204,clueweb12-0800wb-52-12916,2
204,clueweb12-0809wb-28-18323,1
204,clueweb12-0815wb-49-35577,1
204,clueweb12-0815wb-72-21256,0
204,clueweb12-0900tw-81-15437,0
204,clueweb12-0902wb-21-04709,0
204,clueweb12-0914wb-02-25009,2
204,clueweb12-0915wb-37-15733,0
204,clueweb12-0916wb-04-17831,1
204,clueweb12-1009wb-89-21735,0
204,clueweb12-1013wb-31-21907,2
204,clueweb12-1013wb-47-01116,0
204,clueweb12-1014wb-62-18157,0
204,clueweb12-1014wb-65-28825,0
204,clueweb12-1105wb-34-00423,0
204,clueweb12-1110wb-32-10192,0
204,clueweb12-1114wb-77-08229,0
204,clueweb12-1117wb-69-12700,1
204,clueweb12-1118wb-19-22637,0
204,clueweb12-1118wb-33-19218,0
204,clueweb12-1206wb-43-26361,0
204,clueweb12-1207wb-30-12502,0
204,clueweb12-1208wb-42-20452,1
204,clueweb12-1208wb-42-20453,2
204,clueweb12-1208wb-46-02943,0
204,clueweb12-1208wb-46-02945,0
204,clueweb12-1208wb-62-05131,0
204,clueweb12-1209wb-02-02570,0
204,clueweb12-1209wb-22-00162,1
204,clueweb12-1209wb-22-00163,1
204,clueweb12-1209wb-22-00165,0
204,clueweb12-1209wb-22-00166,0
204,clueweb12-1209wb-22-00167,1
204,clueweb12-1209wb-60-13384,2
204,clueweb12-1209wb-79-28735,1
204,clueweb12-1209wb-88-20908,0
204,clueweb12-1210wb-17-01493,0
204,clueweb12-1210wb-37-17085,0
204,clueweb12-1210wb-37-17086,0
204,clueweb12-1210wb-73-28397,0
204,clueweb12-1210wb-95-24650,0
204,clueweb12-1210wb-95-24652,0
204,clueweb12-1211wb-04-16657,0
204,clueweb12-1211wb-30-02347,1
204,clueweb12-1211wb-30-02356,0
204,clueweb12-1211wb-30-02358,0
204,clueweb12-1211wb-53-27042,1
204,clueweb12-1211wb-53-27044,0
204,clueweb12-1211wb-53-27048,1
204,clueweb12-1211wb-53-27050,1
204,clueweb12-1211wb-86-18507,0
204,clueweb12-1211wb-86-18510,1
204,clueweb12-1212wb-08-01142,1
204,clueweb12-1212wb-42-29928,0
204,clueweb12-1212wb-60-13888,2
204,clueweb12-1212wb-63-17255,0
204,clueweb12-1212wb-63-17266,0
204,clueweb12-1212wb-63-17269,1
204,clueweb12-1212wb-96-26374,2
204,clueweb12-1212wb-98-19728,0
204,clueweb12-1213wb-06-18861,1
204,clueweb12-1213wb-18-13403,2
204,clueweb12-1213wb-20-09608,0
204,clueweb12-1213wb-64-25248,1
204,clueweb12-1213wb-67-03123,0
204,clueweb12-1214wb-05-12156,0
204,clueweb12-1214wb-05-12164,0
204,clueweb12-1214wb-05-12167,1
204,clueweb12-1214wb-05-12168,0
204,clueweb12-1214wb-14-27001,1
204,clueweb12-1214wb-14-27004,1
204,clueweb12-1214wb-14-27011,1
204,clueweb12-1214wb-14-27016,1
204,clueweb12-1217wb-97-20198,0
204,clueweb12-1300wb-00-19937,0
204,clueweb12-1300wb-34-18939,0
204,clueweb12-1300wb-34-18953,0
204,clueweb12-1300wb-43-14052,0
204,clueweb12-1300wb-43-14066,0
204,clueweb12-1300wb-47-02911,0
204,clueweb12-1300wb-47-02925,0
204,clueweb12-1300wb-47-02939,0
204,clueweb12-1300wb-53-26041,0
204,clueweb12-1300wb-54-03869,0
204,clueweb12-1300wb-54-03883,0
204,clueweb12-1300wb-57-11497,0
204,clueweb12-1300wb-87-22242,0
204,clueweb12-1301wb-51-22058,0
204,clueweb12-1301wb-58-07364,0
204,clueweb12-1301wb-92-14623,0
204,clueweb12-1302wb-00-25377,0
204,clueweb12-1304wb-51-29930,0
204,clueweb12-1304wb-88-18449,0
204,clueweb12-1312wb-14-07560,0
204,clueweb12-1313wb-31-00143,0
204,clueweb12-1314wb-70-14946,0
204,clueweb12-1400wb-17-27989,1
204,clueweb12-1400wb-36-07833,1
204,clueweb12-1408wb-45-21107,0
204,clueweb12-1411wb-81-02833,0
204,clueweb12-1500tw-39-01008,0
204,clueweb12-1500tw-44-16993,1
204,clueweb12-1500tw-86-16345,1
204,clueweb12-1500wb-02-11520,0
204,clueweb12-1506wb-13-31581,1
204,clueweb12-1507wb-61-20107,0
204,clueweb12-1508wb-33-26165,0
204,clueweb12-1510wb-46-24233,0
204,clueweb12-1510wb-66-23609,0
204,clueweb12-1512wb-04-12861,2
204,clueweb12-1512wb-63-02067,0
204,clueweb12-1512wb-63-02068,0
204,clueweb12-1512wb-63-02069,0
204,clueweb12-1512wb-63-02070,0
204,clueweb12-1512wb-63-02071,0
204,clueweb12-1512wb-63-02072,0
204,clueweb12-1512wb-63-02073,0
204,clueweb12-1512wb-63-02075,0
204,clueweb12-1512wb-87-09525,0
204,clueweb12-1512wb-87-09526,0
204,clueweb12-1512wb-87-09527,0
204,clueweb12-1512wb-87-09528,0
204,clueweb12-1512wb-87-09529,0
204,clueweb12-1512wb-87-09530,0
204,clueweb12-1512wb-87-09531,0
204,clueweb12-1512wb-87-09532,0
204,clueweb12-1512wb-87-09533,0
204,clueweb12-1512wb-87-09534,0
204,clueweb12-1512wb-87-09535,0
204,clueweb12-1512wb-87-09536,0
204,clueweb12-1512wb-87-09537,0
204,clueweb12-1512wb-87-09538,0
204,clueweb12-1512wb-87-09539,0
204,clueweb12-1512wb-87-09540,0
204,clueweb12-1512wb-87-09541,0
204,clueweb12-1512wb-87-09542,0
204,clueweb12-1512wb-87-09543,0
204,clueweb12-1512wb-87-09544,0
204,clueweb12-1513wb-50-24800,2
204,clueweb12-1602wb-58-17667,2
204,clueweb12-1602wb-61-19990,0
204,clueweb12-1602wb-63-01241,0
204,clueweb12-1606wb-71-08917,0
204,clueweb12-1700wb-66-28925,0
204,clueweb12-1701wb-13-01322,0
204,clueweb12-1701wb-85-02626,2
204,clueweb12-1712wb-21-14807,0
204,clueweb12-1712wb-63-08995,0
204,clueweb12-1712wb-82-03180,1
204,clueweb12-1712wb-82-03181,1
204,clueweb12-1800tw-18-11866,1
204,clueweb12-1800wb-06-15239,0
204,clueweb12-1801wb-55-31322,0
204,clueweb12-1801wb-65-01707,-2
204,clueweb12-1801wb-68-09002,0
204,clueweb12-1801wb-78-09402,1
204,clueweb12-1801wb-78-09404,2
204,clueweb12-1801wb-85-15691,1
204,clueweb12-1801wb-97-25921,-2
204,clueweb12-1802wb-41-15224,-2
204,clueweb12-1802wb-41-15233,0
204,clueweb12-1803wb-34-05806,0
204,clueweb12-1811wb-65-06425,0
204,clueweb12-1812wb-71-23042,0
204,clueweb12-1812wb-71-23071,0
204,clueweb12-1814wb-04-15703,0
204,clueweb12-1900tw-41-17265,2
204,clueweb12-1901wb-79-12965,0
204,clueweb12-1905wb-60-11612,2
204,clueweb12-1911wb-74-10118,0
204,clueweb12-1911wb-86-26305,0
204,clueweb12-1912wb-52-13814,0
204,clueweb12-1912wb-52-13815,0
204,clueweb12-1912wb-52-13818,0
205,clueweb12-0000wb-15-06337,0
205,clueweb12-0000wb-56-22356,0
205,clueweb12-0000wb-67-29676,0
205,clueweb12-0001wb-11-11200,2
205,clueweb12-0001wb-18-03820,1
205,clueweb12-0001wb-86-15773,0
205,clueweb12-0002wb-26-08255,0
205,clueweb12-0004wb-65-13555,0
205,clueweb12-0004wb-73-30443,0
205,clueweb12-0004wb-93-00601,0
205,clueweb12-0005wb-04-24302,2
205,clueweb12-0005wb-27-13903,0
205,clueweb12-0006wb-01-11606,0
205,clueweb12-0006wb-17-23685,1
205,clueweb12-0006wb-22-28480,0
205,clueweb12-0006wb-32-37841,0
205,clueweb12-0006wb-55-29878,0
205,clueweb12-0006wb-94-15929,0
205,clueweb12-0007wb-78-24157,0
205,clueweb12-0008wb-12-23845,0
205,clueweb12-0008wb-13-12198,0
205,clueweb12-0009wb-38-29871,0
205,clueweb12-0009wb-44-25513,0
205,clueweb12-0009wb-95-28088,0
205,clueweb12-0010wb-18-15099,0
205,clueweb12-0010wb-61-04283,0
205,clueweb12-0010wb-87-17512,0
205,clueweb12-0010wb-99-03703,2
205,clueweb12-0011wb-75-09811,0
205,clueweb12-0011wb-98-17064,0
205,clueweb12-0012wb-61-06432,0
205,clueweb12-0100tw-78-02321,0
205,clueweb12-0100wb-10-13406,1
205,clueweb12-0100wb-18-24730,0
205,clueweb12-0100wb-43-22104,0
205,clueweb12-0101wb-37-30730,0
205,clueweb12-0101wb-49-18166,0
205,clueweb12-0101wb-67-00437,0
205,clueweb12-0102wb-65-18518,0
205,clueweb12-0102wb-75-14247,0
205,clueweb12-0103wb-19-05305,2
205,clueweb12-0103wb-19-21435,0
205,clueweb12-0103wb-40-22630,0
205,clueweb12-0103wb-40-22635,3
205,clueweb12-0104wb-54-18083,2
205,clueweb12-0104wb-83-00955,0
205,clueweb12-0105wb-46-09900,0
205,clueweb12-0105wb-57-02567,0
205,clueweb12-0105wb-99-13908,0
205,clueweb12-0106wb-13-01392,0
205,clueweb12-0106wb-25-03984,0
205,clueweb12-0106wb-38-33238,1
205,clueweb12-0106wb-71-11924,1
205,clueweb12-0107wb-04-23120,0
205,clueweb12-0107wb-39-07869,0
205,clueweb12-0108wb-44-02262,0
205,clueweb12-0108wb-50-24744,0
205,clueweb12-0108wb-54-03003,0
205,clueweb12-0108wb-54-03018,0
205,clueweb12-0109wb-49-33013,0
205,clueweb12-0109wb-79-28447,0
205,clueweb12-0109wb-93-15442,0
205,clueweb12-0110wb-11-17024,0
205,clueweb12-0110wb-23-14668,0
205,clueweb12-0111wb-34-27257,2
205,clueweb12-0112wb-31-17137,0
205,clueweb12-0112wb-44-08882,0
205,clueweb12-0200tw-06-20138,0
205,clueweb12-0201wb-35-10289,0
205,clueweb12-0202wb-14-23455,0
205,clueweb12-0202wb-28-06749,0
205,clueweb12-0203wb-00-27569,2
205,clueweb12-0203wb-30-30183,0
205,clueweb12-0204wb-00-00981,0
205,clueweb12-0204wb-30-20546,0
205,clueweb12-0204wb-32-29917,1
205,clueweb12-0204wb-71-25057,0
205,clueweb12-0205wb-05-02301,0
205,clueweb12-0205wb-09-18687,0
205,clueweb12-0205wb-63-09334,0
205,clueweb12-0205wb-84-26498,0
205,clueweb12-0206wb-09-28585,0
205,clueweb12-0206wb-16-24131,0
205,clueweb12-0206wb-32-26316,0
205,clueweb12-0206wb-44-12774,0
205,clueweb12-0206wb-53-34614,0
205,clueweb12-0206wb-74-28282,0
205,clueweb12-0206wb-81-26550,0
205,clueweb12-0207wb-13-00035,0
205,clueweb12-0207wb-15-02506,0
205,clueweb12-0207wb-31-18950,2
205,clueweb12-0207wb-33-19793,0
205,clueweb12-0207wb-96-03900,0
205,clueweb12-0208wb-28-00304,0
205,clueweb12-0208wb-48-26246,0
205,clueweb12-0210wb-71-19661,0
205,clueweb12-0210wb-94-21302,0
205,clueweb12-0211wb-11-01602,0
205,clueweb12-0211wb-27-00585,2
205,clueweb12-0211wb-60-10100,0
205,clueweb12-0212wb-26-04331,2
205,clueweb12-0300tw-07-02371,0
205,clueweb12-0300tw-25-08799,0
205,clueweb12-0300tw-83-13694,0
205,clueweb12-0300wb-06-02438,0
205,clueweb12-0301tw-50-09937,0
205,clueweb12-0301wb-77-12589,1
205,clueweb12-0302wb-55-11141,0
205,clueweb12-0302wb-56-05184,0
205,clueweb12-0302wb-66-10765,0
205,clueweb12-0303wb-17-09376,0
205,clueweb12-0303wb-64-14334,0
205,clueweb12-0304wb-98-05351,0
205,clueweb12-0305wb-02-20942,0
205,clueweb12-0305wb-17-20186,0
205,clueweb12-0305wb-51-21995,0
205,clueweb12-0305wb-55-23379,0
205,clueweb12-0305wb-69-28887,0
205,clueweb12-0306wb-06-19634,1
205,clueweb12-0306wb-44-05852,0
205,clueweb12-0306wb-81-14366,1
205,clueweb12-0308wb-22-01430,1
205,clueweb12-0309wb-90-13078,0
205,clueweb12-0400wb-33-34604,0
205,clueweb12-0402wb-12-19077,0
205,clueweb12-0402wb-12-19079,0
205,clueweb12-0402wb-48-13620,0
205,clueweb12-0402wb-55-02398,2
205,clueweb12-0402wb-56-25742,0
205,clueweb12-0402wb-62-23693,1
205,clueweb12-0402wb-84-10469,0
205,clueweb12-0402wb-84-10483,0
205,clueweb12-0402wb-92-07122,0
205,clueweb12-0403wb-11-19811,0
205,clueweb12-0403wb-14-28410,0
205,clueweb12-0403wb-21-01861,2
205,clueweb12-0403wb-64-26188,1
205,clueweb12-0403wb-66-14667,0
205,clueweb12-0404wb-02-01517,1
205,clueweb12-0404wb-05-13302,0
205,clueweb12-0404wb-13-29206,0
205,clueweb12-0404wb-18-24380,0
205,clueweb12-0404wb-19-05902,0
205,clueweb12-0404wb-22-06247,-2
205,clueweb12-0405wb-24-32699,0
205,clueweb12-0405wb-49-12399,1
205,clueweb12-0405wb-71-25958,0
205,clueweb12-0408wb-31-17991,0
205,clueweb12-0410wb-16-11741,0
205,clueweb12-0411wb-21-20165,0
205,clueweb12-0412wb-21-19133,0
205,clueweb12-0500wb-14-24187,0
205,clueweb12-0503wb-12-26526,0
205,clueweb12-0503wb-12-26530,0
205,clueweb12-0504wb-58-20059,0
205,clueweb12-0506wb-26-00415,0
205,clueweb12-0506wb-31-30726,0
205,clueweb12-0506wb-58-30445,0
205,clueweb12-0509wb-76-02327,0
205,clueweb12-0600tw-10-15752,1
205,clueweb12-0600tw-43-11834,0
205,clueweb12-0600wb-07-31694,2
205,clueweb12-0605wb-67-17405,1
205,clueweb12-0607wb-00-30243,0
205,clueweb12-0607wb-29-26935,0
205,clueweb12-0607wb-95-09962,0
205,clueweb12-0607wb-95-09963,1
205,clueweb12-0608wb-54-04617,1
205,clueweb12-0608wb-78-11515,1
205,clueweb12-0608wb-90-25098,0
205,clueweb12-0610wb-04-31340,0
205,clueweb12-0610wb-46-25257,0
205,clueweb12-0610wb-51-27541,0
205,clueweb12-0610wb-63-05975,0
205,clueweb12-0611wb-09-33904,0
205,clueweb12-0611wb-37-13265,0
205,clueweb12-0611wb-39-28761,0
205,clueweb12-0611wb-58-23510,0
205,clueweb12-0702wb-30-12624,2
205,clueweb12-0704wb-13-09259,0
205,clueweb12-0704wb-30-02468,0
205,clueweb12-0706wb-42-24428,0
205,clueweb12-0706wb-57-21036,0
205,clueweb12-0710wb-42-05248,0
205,clueweb12-0710wb-87-31635,0
205,clueweb12-0711wb-81-17991,0
205,clueweb12-0712wb-89-16291,0
205,clueweb12-0712wb-93-08639,0
205,clueweb12-0713wb-29-21175,0
205,clueweb12-0716wb-19-03595,0
205,clueweb12-0800tw-07-18666,0
205,clueweb12-0800wb-98-17253,0
205,clueweb12-0803wb-64-25456,3
205,clueweb12-0805wb-89-09914,0
205,clueweb12-0806wb-14-16255,0
205,clueweb12-0807wb-85-07058,0
205,clueweb12-0807wb-90-26575,3
205,clueweb12-0808wb-25-12501,0
205,clueweb12-0809wb-23-06254,0
205,clueweb12-0809wb-39-27697,0
205,clueweb12-0810wb-66-22090,0
205,clueweb12-0810wb-76-02092,0
205,clueweb12-0811wb-49-17331,0
205,clueweb12-0811wb-65-08524,0
205,clueweb12-0811wb-91-22989,0
205,clueweb12-0812wb-07-15129,0
205,clueweb12-0812wb-26-26659,0
205,clueweb12-0812wb-53-12141,0
205,clueweb12-0812wb-84-19751,0
205,clueweb12-0812wb-93-21778,0
205,clueweb12-0813wb-07-02666,0
205,clueweb12-0814wb-30-04939,0
205,clueweb12-0815wb-21-18719,0
205,clueweb12-0815wb-21-18728,0
205,clueweb12-0817wb-88-04725,0
205,clueweb12-0818wb-55-20010,2
205,clueweb12-0903wb-42-10178,0
205,clueweb12-0912wb-10-19195,0
205,clueweb12-0912wb-44-24082,0
205,clueweb12-0914wb-41-08807,0
205,clueweb12-0916wb-01-09914,0
205,clueweb12-0918wb-26-12345,0
205,clueweb12-0919wb-54-06748,1
205,clueweb12-1000wb-01-12448,1
205,clueweb12-1002wb-19-23101,1
205,clueweb12-1005wb-31-07228,0
205,clueweb12-1008wb-06-26473,0
205,clueweb12-1008wb-37-04099,0
205,clueweb12-1008wb-55-03940,1
205,clueweb12-1009wb-21-02618,0
205,clueweb12-1011wb-03-07271,0
205,clueweb12-1011wb-38-07229,0
205,clueweb12-1013wb-06-25301,0
205,clueweb12-1013wb-12-06252,0
205,clueweb12-1013wb-53-22115,0
205,clueweb12-1019wb-72-14799,0
205,clueweb12-1100tw-15-15997,1
205,clueweb12-1100tw-15-15998,1
205,clueweb12-1100tw-16-08531,2
205,clueweb12-1100tw-41-06279,0
205,clueweb12-1100wb-42-09076,0
205,clueweb12-1100wb-79-22020,1
205,clueweb12-1101wb-41-10572,0
205,clueweb12-1101wb-45-16856,0
205,clueweb12-1103wb-23-19258,0
205,clueweb12-1103wb-56-03288,1
205,clueweb12-1103wb-61-11412,0
205,clueweb12-1103wb-90-05774,0
205,clueweb12-1107wb-23-23222,0
205,clueweb12-1107wb-59-10162,0
205,clueweb12-1107wb-61-05162,0
205,clueweb12-1107wb-99-00886,0
205,clueweb12-1108wb-57-07261,0
205,clueweb12-1111wb-45-04851,0
205,clueweb12-1114wb-30-07292,0
205,clueweb12-1115wb-74-12498,0
205,clueweb12-1116wb-68-06716,0
205,clueweb12-1200tw-82-02731,0
205,clueweb12-1206wb-27-12748,0
205,clueweb12-1206wb-29-11563,0
205,clueweb12-1206wb-30-11253,0
205,clueweb12-1207wb-94-02739,0
205,clueweb12-1211wb-42-26587,0
205,clueweb12-1214wb-87-03858,0
205,clueweb12-1215wb-29-26772,0
205,clueweb12-1215wb-85-12743,0
205,clueweb12-1215wb-85-12745,0
205,clueweb12-1216wb-34-28879,0
205,clueweb12-1216wb-88-01373,0
205,clueweb12-1216wb-93-05359,0
205,clueweb12-1217wb-27-06974,0
205,clueweb12-1300tw-80-06337,1
205,clueweb12-1300tw-98-08916,0
205,clueweb12-1301wb-20-01499,0
205,clueweb12-1302wb-04-19301,0
205,clueweb12-1303wb-03-02140,0
205,clueweb12-1303wb-94-25019,0
205,clueweb12-1303wb-96-20823,-2
205,clueweb12-1305wb-05-30425,0
205,clueweb12-1305wb-54-01913,0
205,clueweb12-1307wb-93-11433,0
205,clueweb12-1310wb-23-00795,0
205,clueweb12-1310wb-24-20255,0
205,clueweb12-1314wb-38-00167,0
205,clueweb12-1315wb-83-06891,1
205,clueweb12-1400tw-38-22911,0
205,clueweb12-1400tw-42-20432,0
205,clueweb12-1403wb-28-27353,0
205,clueweb12-1404wb-32-16452,0
205,clueweb12-1407wb-58-17554,0
205,clueweb12-1414wb-67-09356,0
205,clueweb12-1500tw-73-13465,1
205,clueweb12-1500wb-53-18853,0
205,clueweb12-1502wb-98-15313,1
205,clueweb12-1503wb-81-24008,0
205,clueweb12-1503wb-84-17346,0
205,clueweb12-1508wb-70-16584,0
205,clueweb12-1508wb-92-05011,0
205,clueweb12-1509wb-78-17443,0
205,clueweb12-1510wb-72-09735,0
205,clueweb12-1510wb-81-20753,0
205,clueweb12-1511wb-09-03101,0
205,clueweb12-1511wb-11-02766,0
205,clueweb12-1512wb-88-23627,0
205,clueweb12-1515wb-33-27252,0
205,clueweb12-1601wb-42-09670,0
205,clueweb12-1603wb-83-13954,0
205,clueweb12-1607wb-55-12775,0
205,clueweb12-1607wb-85-30009,0
205,clueweb12-1611wb-03-05819,0
205,clueweb12-1612wb-53-01924,1
205,clueweb12-1614wb-35-28354,1
205,clueweb12-1700wb-56-03287,0
205,clueweb12-1702wb-97-17263,1
205,clueweb12-1706wb-00-20154,0
205,clueweb12-1706wb-15-02185,0
205,clueweb12-1706wb-83-15027,0
205,clueweb12-1708wb-85-21407,0
205,clueweb12-1709wb-72-27500,0
205,clueweb12-1710wb-68-18781,0
205,clueweb12-1711wb-92-10823,0
205,clueweb12-1713wb-81-24917,0
205,clueweb12-1714wb-07-21397,0
205,clueweb12-1714wb-24-01471,0
205,clueweb12-1714wb-86-13008,1
205,clueweb12-1716wb-45-01191,0
205,clueweb12-1800tw-02-08161,0
205,clueweb12-1803wb-31-21445,0
205,clueweb12-1805wb-13-05730,0
205,clueweb12-1806wb-56-00524,0
205,clueweb12-1806wb-64-13506,0
205,clueweb12-1806wb-76-03254,0
205,clueweb12-1807wb-20-09873,0
205,clueweb12-1807wb-29-32959,0
205,clueweb12-1807wb-78-30072,0
205,clueweb12-1810wb-12-01690,1
205,clueweb12-1810wb-70-01321,1
205,clueweb12-1812wb-25-00919,0
205,clueweb12-1813wb-35-26228,2
205,clueweb12-1813wb-40-20493,0
205,clueweb12-1813wb-61-23980,2
205,clueweb12-1814wb-47-30731,2
205,clueweb12-1815wb-15-13913,0
205,clueweb12-1900wb-49-22674,0
205,clueweb12-1900wb-59-00786,0
205,clueweb12-1900wb-67-17670,0
205,clueweb12-1901wb-60-07140,0
205,clueweb12-1901wb-93-10350,0
205,clueweb12-1902wb-08-30078,0
205,clueweb12-1904wb-31-12728,0
205,clueweb12-1908wb-12-14791,0
205,clueweb12-1908wb-32-14276,0
205,clueweb12-1909wb-78-00543,0
205,clueweb12-1912wb-31-17040,1
206,clueweb12-0000tw-22-03989,1
206,clueweb12-0000wb-09-11501,1
206,clueweb12-0000wb-17-01290,0
206,clueweb12-0000wb-18-21388,0
206,clueweb12-0000wb-28-12185,1
206,clueweb12-0000wb-54-15075,0
206,clueweb12-0000wb-64-25786,0
206,clueweb12-0000wb-64-25787,1
206,clueweb12-0000wb-66-03218,1
206,clueweb12-0000wb-81-00651,1
206,clueweb12-0000wb-81-00662,1
206,clueweb12-0000wb-90-35791,0
206,clueweb12-0000wb-94-21454,0
206,clueweb12-0002wb-20-09419,1
206,clueweb12-0002wb-30-11025,0
206,clueweb12-0003wb-34-33644,1
206,clueweb12-0003wb-55-24818,1
206,clueweb12-0004wb-34-23446,1
206,clueweb12-0005wb-06-30181,1
206,clueweb12-0005wb-06-30183,0
206,clueweb12-0007wb-49-22382,1
206,clueweb12-0007wb-53-01020,0
206,clueweb12-0008wb-19-35412,0
206,clueweb12-0008wb-83-14223,0
206,clueweb12-0009wb-09-09119,0
206,clueweb12-0009wb-26-11580,0
206,clueweb12-0009wb-34-13545,0
206,clueweb12-0009wb-34-34967,0
206,clueweb12-0009wb-54-01932,1
206,clueweb12-0009wb-66-01883,0
206,clueweb12-0009wb-89-26443,0
206,clueweb12-0009wb-98-09519,0
206,clueweb12-0009wb-98-11144,1
206,clueweb12-0010wb-38-24521,0
206,clueweb12-0010wb-40-22213,1
206,clueweb12-0010wb-55-19565,1
206,clueweb12-0010wb-61-24324,0
206,clueweb12-0010wb-78-10351,0
206,clueweb12-0011wb-00-00567,0
206,clueweb12-0011wb-14-25155,1
206,clueweb12-0011wb-19-10631,0
206,clueweb12-0011wb-38-18621,0
206,clueweb12-0011wb-45-16968,0
206,clueweb12-0011wb-81-30413,1
206,clueweb12-0012wb-54-25681,0
206,clueweb12-0012wb-60-12744,0
206,clueweb12-0013wb-49-07693,0
206,clueweb12-0100tw-25-12053,0
206,clueweb12-0100wb-21-27367,0
206,clueweb12-0100wb-24-00546,1
206,clueweb12-0100wb-28-24346,1
206,clueweb12-0100wb-90-22349,0
206,clueweb12-0101wb-00-18941,0
206,clueweb12-0101wb-90-03136,1
206,clueweb12-0102wb-33-07117,1
206,clueweb12-0102wb-78-12913,1
206,clueweb12-0102wb-89-08995,0
206,clueweb12-0104wb-37-13425,0
206,clueweb12-0104wb-74-16849,1
206,clueweb12-0105wb-55-07824,1
206,clueweb12-0106wb-26-06344,1
206,clueweb12-0106wb-52-11460,0
206,clueweb12-0106wb-85-12077,-2
206,clueweb12-0106wb-93-20017,0
206,clueweb12-0107wb-25-19057,0
206,clueweb12-0107wb-40-08680,1
206,clueweb12-0107wb-41-28271,1
206,clueweb12-0107wb-67-11879,0
206,clueweb12-0107wb-83-30959,0
206,clueweb12-0108wb-12-00138,1
206,clueweb12-0108wb-19-09890,0
206,clueweb12-0108wb-77-18409,0
206,clueweb12-0108wb-90-15244,1
206,clueweb12-0108wb-94-07539,0
206,clueweb12-0109wb-21-16003,0
206,clueweb12-0109wb-93-13193,2
206,clueweb12-0110wb-26-18816,1
206,clueweb12-0110wb-67-03636,1
206,clueweb12-0111wb-04-28595,0
206,clueweb12-0112wb-02-30946,1
206,clueweb12-0112wb-36-20180,0
206,clueweb12-0112wb-59-22840,0
206,clueweb12-0200wb-05-13807,0
206,clueweb12-0200wb-13-13108,0
206,clueweb12-0200wb-19-28160,0
206,clueweb12-0200wb-19-28174,0
206,clueweb12-0200wb-32-25102,0
206,clueweb12-0200wb-49-30845,0
206,clueweb12-0200wb-50-18612,0
206,clueweb12-0200wb-58-22248,0
206,clueweb12-0200wb-66-32730,0
206,clueweb12-0200wb-75-10389,0
206,clueweb12-0200wb-87-03198,0
206,clueweb12-0200wb-96-15224,0
206,clueweb12-0202wb-62-08848,1
206,clueweb12-0205wb-42-13175,0
206,clueweb12-0205wb-81-27783,0
206,clueweb12-0206wb-47-00622,1
206,clueweb12-0207wb-69-32719,0
206,clueweb12-0207wb-96-15548,0
206,clueweb12-0208wb-01-24619,2
206,clueweb12-0208wb-02-19048,1
206,clueweb12-0208wb-76-00579,0
206,clueweb12-0208wb-90-24500,1
206,clueweb12-0209wb-01-11812,0
206,clueweb12-0209wb-25-18487,0
206,clueweb12-0209wb-67-17819,0
206,clueweb12-0209wb-90-17601,-2
206,clueweb12-0210wb-13-15200,0
206,clueweb12-0211wb-14-19319,0
206,clueweb12-0211wb-26-33435,0
206,clueweb12-0300wb-82-24906,0
206,clueweb12-0301tw-03-14802,0
206,clueweb12-0301wb-43-35173,1
206,clueweb12-0301wb-43-35174,1
206,clueweb12-0301wb-90-05422,1
206,clueweb12-0302wb-19-16266,0
206,clueweb12-0302wb-67-24746,0
206,clueweb12-0302wb-69-12414,1
206,clueweb12-0302wb-94-07292,0
206,clueweb12-0302wb-94-07294,1
206,clueweb12-0303wb-27-13009,1
206,clueweb12-0303wb-49-19750,1
206,clueweb12-0303wb-91-03246,0
206,clueweb12-0304wb-15-07656,0
206,clueweb12-0304wb-43-11443,0
206,clueweb12-0304wb-75-00462,1
206,clueweb12-0304wb-90-04775,0
206,clueweb12-0305wb-45-24379,1
206,clueweb12-0305wb-84-04802,0
206,clueweb12-0306wb-06-15430,0
206,clueweb12-0310wb-97-23209,1
206,clueweb12-0310wb-98-26870,1
206,clueweb12-0404wb-07-04264,1
206,clueweb12-0404wb-63-13050,1
206,clueweb12-0406wb-00-06043,1
206,clueweb12-0410wb-41-21439,0
206,clueweb12-0411wb-37-25932,0
206,clueweb12-0411wb-37-25934,0
206,clueweb12-0411wb-37-25936,0
206,clueweb12-0411wb-39-12786,0
206,clueweb12-0411wb-40-31604,0
206,clueweb12-0411wb-40-31605,0
206,clueweb12-0411wb-55-02951,0
206,clueweb12-0411wb-55-02953,0
206,clueweb12-0500tw-05-18861,0
206,clueweb12-0500tw-08-08270,0
206,clueweb12-0503wb-46-18165,0
206,clueweb12-0504wb-80-21191,0
206,clueweb12-0505wb-05-30479,1
206,clueweb12-0509wb-50-04648,0
206,clueweb12-0509wb-50-04652,1
206,clueweb12-0510wb-45-31384,1
206,clueweb12-0512wb-33-20102,1
206,clueweb12-0601wb-25-03226,0
206,clueweb12-0601wb-35-26452,0
206,clueweb12-0601wb-45-16904,0
206,clueweb12-0601wb-45-16906,0
206,clueweb12-0601wb-48-18627,0
206,clueweb12-0602wb-97-30014,1
206,clueweb12-0605wb-20-20232,0
206,clueweb12-0606wb-40-12197,1
206,clueweb12-0612wb-35-12518,0
206,clueweb12-0706wb-04-24630,0
206,clueweb12-0706wb-46-14759,1
206,clueweb12-0706wb-73-22130,0
206,clueweb12-0707wb-18-08767,0
206,clueweb12-0707wb-43-05847,1
206,clueweb12-0707wb-62-15566,0
206,clueweb12-0708wb-44-06597,1
206,clueweb12-0710wb-37-04635,1
206,clueweb12-0711wb-45-29509,0
206,clueweb12-0711wb-79-12199,1
206,clueweb12-0712wb-29-24947,0
206,clueweb12-0712wb-70-00557,1
206,clueweb12-0712wb-91-04819,1
206,clueweb12-0713wb-06-10413,1
206,clueweb12-0800wb-27-22608,0
206,clueweb12-0806wb-09-09740,1
206,clueweb12-0806wb-46-26830,0
206,clueweb12-0806wb-79-19660,0
206,clueweb12-0809wb-38-00237,0
206,clueweb12-0812wb-09-01604,1
206,clueweb12-0814wb-25-05870,1
206,clueweb12-0815wb-04-23767,1
206,clueweb12-0818wb-86-02949,1
206,clueweb12-0900tw-51-17096,0
206,clueweb12-0900wb-97-02702,1
206,clueweb12-0902wb-67-03991,0
206,clueweb12-0902wb-67-05109,1
206,clueweb12-0904wb-51-11687,1
206,clueweb12-0905wb-03-05823,1
206,clueweb12-0905wb-23-28084,-2
206,clueweb12-0909wb-22-02116,1
206,clueweb12-0909wb-34-20410,-2
206,clueweb12-0909wb-37-17751,0
206,clueweb12-0909wb-63-03545,0
206,clueweb12-0911wb-78-27833,0
206,clueweb12-0911wb-89-13957,0
206,clueweb12-0914wb-36-02591,1
206,clueweb12-0918wb-01-15352,0
206,clueweb12-1000wb-87-10893,1
206,clueweb12-1000wb-87-13673,1
206,clueweb12-1003wb-11-08642,1
206,clueweb12-1003wb-43-07311,1
206,clueweb12-1009wb-81-20771,1
206,clueweb12-1011wb-91-29519,0
206,clueweb12-1012wb-11-15247,0
206,clueweb12-1013wb-23-08452,0
206,clueweb12-1013wb-50-27405,0
206,clueweb12-1013wb-50-27408,0
206,clueweb12-1014wb-22-08202,0
206,clueweb12-1016wb-43-07873,0
206,clueweb12-1017wb-34-27542,0
206,clueweb12-1017wb-79-20260,0
206,clueweb12-1018wb-22-09546,0
206,clueweb12-1018wb-49-05310,0
206,clueweb12-1019wb-10-10511,0
206,clueweb12-1100tw-35-11080,1
206,clueweb12-1100wb-05-10298,0
206,clueweb12-1101wb-44-10037,0
206,clueweb12-1103wb-17-12002,1
206,clueweb12-1103wb-74-01870,0
206,clueweb12-1104wb-00-02960,1
206,clueweb12-1104wb-11-12163,0
206,clueweb12-1104wb-55-02279,0
206,clueweb12-1104wb-58-01843,0
206,clueweb12-1104wb-83-23108,1
206,clueweb12-1105wb-19-07418,1
206,clueweb12-1105wb-60-13633,1
206,clueweb12-1106wb-36-20335,0
206,clueweb12-1106wb-98-01158,0
206,clueweb12-1110wb-22-12736,1
206,clueweb12-1110wb-80-05079,1
206,clueweb12-1110wb-87-23832,0
206,clueweb12-1115wb-15-24917,-2
206,clueweb12-1115wb-59-24102,1
206,clueweb12-1115wb-67-20539,1
206,clueweb12-1116wb-17-06143,0
206,clueweb12-1116wb-20-28247,0
206,clueweb12-1116wb-30-08507,0
206,clueweb12-1117wb-66-20375,0
206,clueweb12-1200tw-07-18283,0
206,clueweb12-1200tw-32-17472,1
206,clueweb12-1210wb-43-09031,1
206,clueweb12-1210wb-84-16779,0
206,clueweb12-1211wb-57-14234,0
206,clueweb12-1211wb-57-14235,0
206,clueweb12-1212wb-12-28793,0
206,clueweb12-1215wb-21-14473,1
206,clueweb12-1216wb-94-18661,1
206,clueweb12-1217wb-92-15010,1
206,clueweb12-1217wb-99-11754,1
206,clueweb12-1300wb-35-31766,1
206,clueweb12-1300wb-87-15989,0
206,clueweb12-1314wb-63-25299,0
206,clueweb12-1314wb-66-33885,2
206,clueweb12-1316wb-40-01259,1
206,clueweb12-1400tw-32-16091,0
206,clueweb12-1401wb-92-14851,1
206,clueweb12-1401wb-92-14852,1
206,clueweb12-1405wb-06-29698,1
206,clueweb12-1408wb-07-04449,0
206,clueweb12-1411wb-42-25550,1
206,clueweb12-1413wb-18-06684,1
206,clueweb12-1414wb-17-13435,0
206,clueweb12-1415wb-99-05199,0
206,clueweb12-1415wb-99-05200,0
206,clueweb12-1416wb-04-13238,0
206,clueweb12-1416wb-04-13239,1
206,clueweb12-1416wb-04-13240,0
206,clueweb12-1416wb-07-18652,0
206,clueweb12-1416wb-07-18654,0
206,clueweb12-1416wb-07-18656,0
206,clueweb12-1416wb-07-18657,0
206,clueweb12-1416wb-07-18660,0
206,clueweb12-1416wb-18-28885,1
206,clueweb12-1416wb-18-28886,0
206,clueweb12-1416wb-19-03279,1
206,clueweb12-1416wb-56-27057,0
206,clueweb12-1500tw-54-04435,1
206,clueweb12-1501wb-66-13825,1
206,clueweb12-1501wb-80-16507,1
206,clueweb12-1501wb-92-24518,1
206,clueweb12-1501wb-95-25964,1
206,clueweb12-1501wb-95-25965,1
206,clueweb12-1502wb-12-19967,1
206,clueweb12-1502wb-21-20557,1
206,clueweb12-1502wb-21-20558,1
206,clueweb12-1502wb-36-19364,1
206,clueweb12-1502wb-57-10551,1
206,clueweb12-1502wb-62-24022,1
206,clueweb12-1502wb-67-08442,1
206,clueweb12-1502wb-70-03518,1
206,clueweb12-1502wb-84-04715,1
206,clueweb12-1502wb-84-04716,1
206,clueweb12-1502wb-84-04717,1
206,clueweb12-1502wb-89-03009,1
206,clueweb12-1502wb-89-03010,1
206,clueweb12-1502wb-99-02201,1
206,clueweb12-1503wb-11-07637,1
206,clueweb12-1504wb-23-12041,2
206,clueweb12-1506wb-11-15174,0
206,clueweb12-1506wb-14-10884,0
206,clueweb12-1508wb-61-05586,0
206,clueweb12-1514wb-27-13249,1
206,clueweb12-1514wb-57-25954,1
206,clueweb12-1515wb-58-22629,0
206,clueweb12-1515wb-62-21486,0
206,clueweb12-1515wb-62-21488,0
206,clueweb12-1515wb-62-21489,0
206,clueweb12-1515wb-62-21492,0
206,clueweb12-1515wb-64-14277,0
206,clueweb12-1515wb-64-14278,0
206,clueweb12-1515wb-64-14280,0
206,clueweb12-1515wb-73-03111,0
206,clueweb12-1515wb-73-03112,0
206,clueweb12-1515wb-73-03118,0
206,clueweb12-1515wb-73-03119,0
206,clueweb12-1515wb-77-37946,0
206,clueweb12-1515wb-77-37947,0
206,clueweb12-1515wb-77-37948,0
206,clueweb12-1515wb-79-29825,0
206,clueweb12-1515wb-79-29830,0
206,clueweb12-1515wb-79-29831,0
206,clueweb12-1515wb-81-14382,0
206,clueweb12-1515wb-81-14383,0
206,clueweb12-1515wb-81-14384,0
206,clueweb12-1515wb-81-14386,0
206,clueweb12-1515wb-81-14389,0
206,clueweb12-1515wb-82-37392,0
206,clueweb12-1515wb-82-37395,0
206,clueweb12-1515wb-86-21470,0
206,clueweb12-1515wb-86-21471,0
206,clueweb12-1515wb-86-21472,0
206,clueweb12-1515wb-86-21474,0
206,clueweb12-1515wb-86-21475,0
206,clueweb12-1515wb-86-21478,0
206,clueweb12-1515wb-89-29445,0
206,clueweb12-1516wb-66-16460,0
206,clueweb12-1600tw-22-02531,0
206,clueweb12-1600tw-22-02532,0
206,clueweb12-1600tw-33-16692,0
206,clueweb12-1600wb-92-16226,0
206,clueweb12-1605wb-50-29073,0
206,clueweb12-1605wb-75-21922,0
206,clueweb12-1605wb-80-08386,1
206,clueweb12-1606wb-33-02585,0
206,clueweb12-1606wb-96-16619,1
206,clueweb12-1608wb-05-00033,1
206,clueweb12-1608wb-32-05502,0
206,clueweb12-1608wb-49-14367,0
206,clueweb12-1608wb-53-25091,0
206,clueweb12-1615wb-59-25765,2
206,clueweb12-1616wb-20-21548,1
206,clueweb12-1617wb-04-14197,0
206,clueweb12-1617wb-17-09841,0
206,clueweb12-1617wb-24-00013,0
206,clueweb12-1617wb-29-12245,0
206,clueweb12-1703wb-44-27534,1
206,clueweb12-1703wb-62-01620,0
206,clueweb12-1707wb-86-00465,1
206,clueweb12-1708wb-43-29773,0
206,clueweb12-1709wb-34-21065,0
206,clueweb12-1713wb-56-30371,0
206,clueweb12-1714wb-50-08540,0
206,clueweb12-1714wb-50-08554,0
206,clueweb12-1714wb-88-21236,0
206,clueweb12-1714wb-94-20428,0
206,clueweb12-1715wb-11-15364,1
206,clueweb12-1715wb-46-10438,0
206,clueweb12-1715wb-69-19019,0
206,clueweb12-1716wb-66-19166,0
206,clueweb12-1716wb-83-24775,0
206,clueweb12-1717wb-07-08200,0
206,clueweb12-1800wb-03-21586,0
206,clueweb12-1800wb-05-06263,0
206,clueweb12-1800wb-29-11853,0
206,clueweb12-1801wb-16-21993,1
206,clueweb12-1801wb-16-25680,0
206,clueweb12-1802wb-14-28735,1
206,clueweb12-1802wb-46-27982,0
206,clueweb12-1802wb-58-11958,0
206,clueweb12-1802wb-90-10618,0
206,clueweb12-1802wb-98-13913,0
206,clueweb12-1803wb-06-22513,0
206,clueweb12-1803wb-09-27587,0
206,clueweb12-1803wb-09-27590,0
206,clueweb12-1803wb-31-15156,0
206,clueweb12-1803wb-89-21079,-2
206,clueweb12-1804wb-53-11514,0
206,clueweb12-1805wb-09-16559,0
206,clueweb12-1806wb-63-07043,1
206,clueweb12-1806wb-95-18245,0
206,clueweb12-1807wb-04-06691,0
206,clueweb12-1807wb-64-20406,0
206,clueweb12-1807wb-75-17195,1
206,clueweb12-1807wb-84-01707,0
206,clueweb12-1807wb-92-09108,1
206,clueweb12-1808wb-22-19530,0
206,clueweb12-1808wb-48-02666,0
206,clueweb12-1808wb-82-06557,1
206,clueweb12-1808wb-97-14435,1
206,clueweb12-1808wb-99-26779,0
206,clueweb12-1809wb-15-01964,1
206,clueweb12-1810wb-28-02566,1
206,clueweb12-1812wb-51-06450,1
206,clueweb12-1812wb-99-09648,1
206,clueweb12-1814wb-40-03035,2
206,clueweb12-1900tw-11-12838,0
206,clueweb12-1900wb-00-25128,1
206,clueweb12-1904wb-22-15508,0
206,clueweb12-1904wb-57-05673,0
206,clueweb12-1904wb-98-13701,0
206,clueweb12-1908wb-98-03102,0
206,clueweb12-1910wb-13-00134,1
206,clueweb12-1910wb-71-09572,1
206,clueweb12-1910wb-76-01392,1
206,clueweb12-1911wb-49-28182,0
206,clueweb12-1911wb-91-04541,1
207,clueweb12-0000tw-26-18693,1
207,clueweb12-0001wb-77-13689,0
207,clueweb12-0003wb-36-17696,0
207,clueweb12-0003wb-49-00579,0
207,clueweb12-0003wb-49-00587,0
207,clueweb12-0003wb-49-00588,2
207,clueweb12-0005wb-52-29519,3
207,clueweb12-0005wb-78-16068,0
207,clueweb12-0006wb-34-01000,3
207,clueweb12-0006wb-80-17148,3
207,clueweb12-0007wb-43-05386,1
207,clueweb12-0007wb-43-05387,2
207,clueweb12-0009wb-24-21349,0
207,clueweb12-0010wb-23-31486,0
207,clueweb12-0010wb-99-22973,0
207,clueweb12-0012wb-01-02501,0
207,clueweb12-0012wb-49-24029,1
207,clueweb12-0102wb-42-15045,1
207,clueweb12-0104wb-01-26630,1
207,clueweb12-0104wb-77-19423,1
207,clueweb12-0105wb-23-13246,0
207,clueweb12-0105wb-54-01629,1
207,clueweb12-0106wb-76-20776,1
207,clueweb12-0107wb-71-27159,0
207,clueweb12-0108wb-79-19405,3
207,clueweb12-0110wb-86-01800,0
207,clueweb12-0110wb-96-10956,0
207,clueweb12-0111wb-00-33091,2
207,clueweb12-0111wb-69-07889,1
207,clueweb12-0111wb-99-16916,1
207,clueweb12-0112wb-21-26718,1
207,clueweb12-0202wb-51-05209,0
207,clueweb12-0202wb-73-21435,0
207,clueweb12-0203wb-39-09253,0
207,clueweb12-0203wb-44-04574,0
207,clueweb12-0204wb-35-03000,0
207,clueweb12-0204wb-42-31119,0
207,clueweb12-0204wb-83-30732,0
207,clueweb12-0205wb-76-01669,2
207,clueweb12-0205wb-84-19996,1
207,clueweb12-0206wb-59-01004,1
207,clueweb12-0206wb-68-25063,1
207,clueweb12-0206wb-71-14452,0
207,clueweb12-0206wb-93-07246,0
207,clueweb12-0206wb-98-03931,2
207,clueweb12-0207wb-49-11483,1
207,clueweb12-0207wb-90-20840,0
207,clueweb12-0208wb-16-00969,0
207,clueweb12-0209wb-70-26757,0
207,clueweb12-0209wb-85-10403,0
207,clueweb12-0210wb-13-13993,0
207,clueweb12-0210wb-44-01591,0
207,clueweb12-0211wb-17-26262,1
207,clueweb12-0300wb-12-22691,0
207,clueweb12-0300wb-44-12153,0
207,clueweb12-0302wb-34-06433,0
207,clueweb12-0302wb-40-30539,0
207,clueweb12-0302wb-71-14954,0
207,clueweb12-0302wb-88-32680,0
207,clueweb12-0304wb-04-16410,1
207,clueweb12-0305wb-08-01243,1
207,clueweb12-0305wb-53-27499,2
207,clueweb12-0305wb-76-35557,0
207,clueweb12-0309wb-67-28982,0
207,clueweb12-0309wb-77-18312,0
207,clueweb12-0310wb-07-19823,0
207,clueweb12-0310wb-18-09788,0
207,clueweb12-0310wb-18-09789,0
207,clueweb12-0310wb-18-09790,0
207,clueweb12-0310wb-73-09674,0
207,clueweb12-0310wb-83-10003,0
207,clueweb12-0311wb-04-29546,0
207,clueweb12-0311wb-43-31349,0
207,clueweb12-0311wb-80-24734,0
207,clueweb12-0405wb-66-04881,1
207,clueweb12-0411wb-32-03576,0
207,clueweb12-0505wb-10-15909,0
207,clueweb12-0506wb-78-02596,0
207,clueweb12-0507wb-30-21602,0
207,clueweb12-0508wb-20-21538,0
207,clueweb12-0508wb-40-30499,0
207,clueweb12-0508wb-43-22731,0
207,clueweb12-0600wb-25-34073,0
207,clueweb12-0600wb-66-24628,0
207,clueweb12-0601wb-80-32020,2
207,clueweb12-0601wb-90-17487,0
207,clueweb12-0603wb-03-08986,0
207,clueweb12-0604wb-13-23805,0
207,clueweb12-0604wb-61-16672,0
207,clueweb12-0606wb-11-11891,0
207,clueweb12-0607wb-69-21697,0
207,clueweb12-0607wb-76-17460,0
207,clueweb12-0607wb-76-17468,0
207,clueweb12-0609wb-83-04441,1
207,clueweb12-0612wb-32-08931,0
207,clueweb12-0701wb-45-27485,1
207,clueweb12-0703wb-91-29881,1
207,clueweb12-0706wb-43-13911,1
207,clueweb12-0707wb-35-04337,1
207,clueweb12-0711wb-07-11666,2
207,clueweb12-0714wb-69-25428,3
207,clueweb12-0715wb-86-08598,0
207,clueweb12-0717wb-32-07044,2
207,clueweb12-0800tw-86-05210,1
207,clueweb12-0806wb-43-03307,0
207,clueweb12-0806wb-67-24255,2
207,clueweb12-0806wb-67-24256,1
207,clueweb12-0808wb-14-24153,0
207,clueweb12-0812wb-74-01477,0
207,clueweb12-0813wb-58-16452,0
207,clueweb12-0817wb-12-16655,0
207,clueweb12-0900tw-80-08030,1
207,clueweb12-0905wb-26-23614,0
207,clueweb12-0911wb-05-15622,0
207,clueweb12-0911wb-12-02885,0
207,clueweb12-0911wb-87-19754,0
207,clueweb12-0917wb-90-18054,0
207,clueweb12-1000tw-61-08759,1
207,clueweb12-1001wb-00-08617,0
207,clueweb12-1012wb-83-19702,2
207,clueweb12-1019wb-59-14700,0
207,clueweb12-1100tw-02-12274,1
207,clueweb12-1105wb-51-09171,1
207,clueweb12-1105wb-90-02225,2
207,clueweb12-1106wb-94-14775,0
207,clueweb12-1107wb-03-14910,0
207,clueweb12-1107wb-11-17659,0
207,clueweb12-1107wb-33-07245,0
207,clueweb12-1116wb-59-07016,0
207,clueweb12-1200tw-34-01255,0
207,clueweb12-1203wb-90-13658,0
207,clueweb12-1203wb-90-13661,0
207,clueweb12-1204wb-45-18869,1
207,clueweb12-1204wb-58-20635,1
207,clueweb12-1205wb-36-28252,1
207,clueweb12-1207wb-00-24509,0
207,clueweb12-1209wb-88-01520,0
207,clueweb12-1308wb-71-24734,0
207,clueweb12-1313wb-29-13129,0
207,clueweb12-1400wb-80-06392,0
207,clueweb12-1402wb-60-05068,2
207,clueweb12-1402wb-88-20771,0
207,clueweb12-1405wb-79-06210,0
207,clueweb12-1408wb-69-07244,2
207,clueweb12-1410wb-12-26583,1
207,clueweb12-1413wb-22-07482,1
207,clueweb12-1413wb-78-23830,0
207,clueweb12-1500tw-99-18494,0
207,clueweb12-1500wb-12-15189,0
207,clueweb12-1502wb-66-14124,0
207,clueweb12-1503wb-56-08344,1
207,clueweb12-1503wb-56-08383,0
207,clueweb12-1504wb-66-05142,1
207,clueweb12-1504wb-91-08069,1
207,clueweb12-1506wb-53-14521,1
207,clueweb12-1509wb-88-07481,1
207,clueweb12-1603wb-46-27295,0
207,clueweb12-1605wb-17-06310,1
207,clueweb12-1615wb-06-24662,1
207,clueweb12-1713wb-83-14522,1
207,clueweb12-1800wb-24-06145,1
207,clueweb12-1801wb-07-22477,0
207,clueweb12-1803wb-06-19837,1
207,clueweb12-1804wb-90-21625,0
207,clueweb12-1805wb-38-05922,1
207,clueweb12-1805wb-65-14833,0
207,clueweb12-1806wb-43-18891,0
207,clueweb12-1806wb-43-18892,1
207,clueweb12-1806wb-56-04360,1
207,clueweb12-1806wb-64-10548,0
207,clueweb12-1806wb-73-14931,1
207,clueweb12-1806wb-87-30317,1
207,clueweb12-1806wb-87-30318,0
207,clueweb12-1807wb-10-20050,0
207,clueweb12-1807wb-57-12703,1
207,clueweb12-1807wb-80-22463,0
207,clueweb12-1807wb-96-09969,1
207,clueweb12-1808wb-45-08679,0
207,clueweb12-1808wb-45-08680,0
207,clueweb12-1808wb-97-25741,1
207,clueweb12-1809wb-27-02786,1
207,clueweb12-1809wb-44-30071,1
207,clueweb12-1809wb-68-00674,0
207,clueweb12-1809wb-95-20948,0
207,clueweb12-1809wb-95-20949,0
207,clueweb12-1809wb-95-20951,0
207,clueweb12-1809wb-95-20952,1
207,clueweb12-1809wb-95-20953,0
207,clueweb12-1809wb-95-20954,0
207,clueweb12-1810wb-25-04772,1
207,clueweb12-1810wb-60-10656,0
207,clueweb12-1810wb-68-24140,1
207,clueweb12-1810wb-91-23162,0
207,clueweb12-1810wb-99-18551,1
207,clueweb12-1811wb-27-14659,0
207,clueweb12-1811wb-35-10653,1
207,clueweb12-1814wb-07-15804,2
207,clueweb12-1814wb-07-18046,0
207,clueweb12-1815wb-22-29957,0
207,clueweb12-1900tw-13-13544,0
207,clueweb12-1905wb-46-06917,0
207,clueweb12-1905wb-48-10251,0
207,clueweb12-1905wb-48-10252,0
207,clueweb12-1905wb-48-10267,0
207,clueweb12-1905wb-50-22035,0
207,clueweb12-1905wb-50-22036,0
207,clueweb12-1905wb-50-22037,0
207,clueweb12-1905wb-50-22038,0
207,clueweb12-1905wb-50-22039,0
207,clueweb12-1905wb-56-25446,0
207,clueweb12-1905wb-56-25447,0
207,clueweb12-1905wb-56-25448,0
207,clueweb12-1905wb-56-25449,0
207,clueweb12-1905wb-56-25451,0
207,clueweb12-1905wb-56-25452,0
207,clueweb12-1905wb-56-25453,0
207,clueweb12-1905wb-56-25454,0
207,clueweb12-1905wb-56-25456,0
207,clueweb12-1905wb-59-02630,0
207,clueweb12-1905wb-59-02631,0
207,clueweb12-1905wb-59-02632,0
207,clueweb12-1905wb-59-02633,0
207,clueweb12-1905wb-59-02634,0
207,clueweb12-1905wb-70-13334,0
207,clueweb12-1905wb-70-13335,0
207,clueweb12-1905wb-75-06479,0
207,clueweb12-1905wb-75-06480,0
207,clueweb12-1905wb-75-06481,0
207,clueweb12-1906wb-72-19152,0
207,clueweb12-1907wb-87-18669,1
207,clueweb12-1908wb-84-13944,0
207,clueweb12-1911wb-28-17215,2
208,clueweb12-0000wb-53-16996,0
208,clueweb12-0001wb-20-05019,0
208,clueweb12-0001wb-25-23616,2
208,clueweb12-0002wb-32-31101,0
208,clueweb12-0002wb-47-30464,0
208,clueweb12-0002wb-47-30465,0
208,clueweb12-0002wb-97-19918,0
208,clueweb12-0003wb-09-30275,0
208,clueweb12-0003wb-50-16116,0
208,clueweb12-0004wb-52-25441,0
208,clueweb12-0005wb-77-02144,0
208,clueweb12-0006wb-34-11332,0
208,clueweb12-0007wb-13-19987,1
208,clueweb12-0007wb-79-26763,0
208,clueweb12-0008wb-40-22892,0
208,clueweb12-0010wb-68-17857,0
208,clueweb12-0011wb-70-31788,0
208,clueweb12-0011wb-90-28204,0
208,clueweb12-0012wb-42-03341,0
208,clueweb12-0012wb-58-28795,0
208,clueweb12-0012wb-58-28796,0
208,clueweb12-0012wb-72-07018,0
208,clueweb12-0012wb-72-07025,0
208,clueweb12-0012wb-72-07026,0
208,clueweb12-0012wb-72-07027,0
208,clueweb12-0013wb-11-06643,0
208,clueweb12-0013wb-33-29979,0
208,clueweb12-0013wb-33-29981,0
208,clueweb12-0013wb-82-09786,0
208,clueweb12-0013wb-82-09787,0
208,clueweb12-0013wb-82-09788,0
208,clueweb12-0100tw-53-17255,0
208,clueweb12-0100tw-67-17976,0
208,clueweb12-0100wb-31-26068,0
208,clueweb12-0100wb-31-26069,0
208,clueweb12-0100wb-77-17912,0
208,clueweb12-0100wb-86-10411,0
208,clueweb12-0100wb-86-10412,0
208,clueweb12-0100wb-92-30614,0
208,clueweb12-0100wb-92-30615,0
208,clueweb12-0100wb-92-30616,0
208,clueweb12-0100wb-92-30617,0
208,clueweb12-0100wb-92-30618,0
208,clueweb12-0101wb-02-13800,0
208,clueweb12-0101wb-11-27146,0
208,clueweb12-0102wb-54-11699,0
208,clueweb12-0102wb-57-21163,0
208,clueweb12-0102wb-60-18751,-2
208,clueweb12-0102wb-60-27059,0
208,clueweb12-0104wb-01-09544,0
208,clueweb12-0104wb-10-01148,0
208,clueweb12-0104wb-13-05860,0
208,clueweb12-0104wb-26-04072,0
208,clueweb12-0104wb-95-02890,0
208,clueweb12-0106wb-14-02750,0
208,clueweb12-0106wb-61-15202,0
208,clueweb12-0107wb-50-05288,0
208,clueweb12-0108wb-72-24490,0
208,clueweb12-0109wb-28-08304,0
208,clueweb12-0109wb-56-20044,2
208,clueweb12-0111wb-28-18795,0
208,clueweb12-0111wb-85-10721,1
208,clueweb12-0200tw-61-13709,0
208,clueweb12-0200wb-80-24550,1
208,clueweb12-0201wb-23-04516,0
208,clueweb12-0202wb-04-20196,0
208,clueweb12-0203wb-30-07760,1
208,clueweb12-0203wb-84-08180,0
208,clueweb12-0205wb-52-21293,0
208,clueweb12-0205wb-62-17256,0
208,clueweb12-0208wb-06-06654,0
208,clueweb12-0210wb-03-07887,0
208,clueweb12-0210wb-73-24126,2
208,clueweb12-0211wb-10-24978,0
208,clueweb12-0300tw-13-01426,0
208,clueweb12-0300tw-14-22470,0
208,clueweb12-0300tw-33-13601,2
208,clueweb12-0301tw-29-19555,0
208,clueweb12-0301wb-09-04696,0
208,clueweb12-0301wb-80-24928,0
208,clueweb12-0302wb-10-05463,0
208,clueweb12-0302wb-32-13593,0
208,clueweb12-0302wb-63-25394,0
208,clueweb12-0303wb-30-14721,0
208,clueweb12-0304wb-68-23890,0
208,clueweb12-0305wb-67-05389,0
208,clueweb12-0308wb-36-29098,0
208,clueweb12-0309wb-11-06961,0
208,clueweb12-0309wb-45-21103,0
208,clueweb12-0311wb-25-15756,0
208,clueweb12-0311wb-91-02484,0
208,clueweb12-0312wb-01-25283,0
208,clueweb12-0312wb-19-26507,0
208,clueweb12-0312wb-31-27441,0
208,clueweb12-0401wb-12-21460,0
208,clueweb12-0401wb-48-06193,0
208,clueweb12-0401wb-80-11641,0
208,clueweb12-0401wb-90-15455,0
208,clueweb12-0402wb-08-28224,0
208,clueweb12-0402wb-57-04952,0
208,clueweb12-0404wb-38-07381,2
208,clueweb12-0405wb-28-07498,0
208,clueweb12-0406wb-87-11186,0
208,clueweb12-0407wb-02-20388,-2
208,clueweb12-0408wb-78-06610,0
208,clueweb12-0409wb-09-33106,0
208,clueweb12-0410wb-09-04574,0
208,clueweb12-0411wb-25-17093,0
208,clueweb12-0411wb-41-27289,0
208,clueweb12-0411wb-46-14825,0
208,clueweb12-0412wb-14-25811,0
208,clueweb12-0508wb-95-14510,0
208,clueweb12-0510wb-39-02071,0
208,clueweb12-0510wb-58-11631,0
208,clueweb12-0511wb-00-22165,0
208,clueweb12-0601wb-30-26435,0
208,clueweb12-0602wb-60-02021,0
208,clueweb12-0604wb-48-19968,0
208,clueweb12-0606wb-66-31070,0
208,clueweb12-0608wb-51-18276,0
208,clueweb12-0610wb-09-27317,0
208,clueweb12-0611wb-03-14096,0
208,clueweb12-0612wb-74-21442,0
208,clueweb12-0700tw-75-14955,0
208,clueweb12-0700tw-77-00384,0
208,clueweb12-0702wb-13-18078,0
208,clueweb12-0702wb-60-31046,0
208,clueweb12-0703wb-18-11475,0
208,clueweb12-0705wb-86-20229,-2
208,clueweb12-0705wb-98-08331,-2
208,clueweb12-0706wb-21-19897,0
208,clueweb12-0706wb-29-24131,0
208,clueweb12-0710wb-70-08573,0
208,clueweb12-0710wb-80-28497,0
208,clueweb12-0713wb-47-20654,1
208,clueweb12-0713wb-72-01329,0
208,clueweb12-0800tw-23-00612,2
208,clueweb12-0800tw-25-08141,0
208,clueweb12-0800tw-25-08178,0
208,clueweb12-0800wb-37-12002,3
208,clueweb12-0804wb-17-08688,2
208,clueweb12-0804wb-90-09490,2
208,clueweb12-0805wb-43-00390,0
208,clueweb12-0807wb-04-27198,0
208,clueweb12-0807wb-66-08382,0
208,clueweb12-0807wb-80-16799,0
208,clueweb12-0808wb-70-02720,2
208,clueweb12-0810wb-04-13355,1
208,clueweb12-0812wb-22-31557,1
208,clueweb12-0813wb-29-16299,1
208,clueweb12-0814wb-92-20126,0
208,clueweb12-0815wb-54-11723,0
208,clueweb12-0815wb-64-17127,0
208,clueweb12-0904wb-10-25397,0
208,clueweb12-0907wb-02-06398,0
208,clueweb12-0907wb-16-04586,0
208,clueweb12-0909wb-24-11271,0
208,clueweb12-0912wb-91-18890,0
208,clueweb12-0916wb-73-20917,0
208,clueweb12-0916wb-73-20945,0
208,clueweb12-1003wb-76-16777,0
208,clueweb12-1005wb-74-00443,0
208,clueweb12-1007wb-08-03087,0
208,clueweb12-1007wb-89-08055,0
208,clueweb12-1008wb-30-05805,0
208,clueweb12-1008wb-95-07212,0
208,clueweb12-1011wb-62-00443,0
208,clueweb12-1019wb-28-10064,0
208,clueweb12-1020wb-76-09763,0
208,clueweb12-1100wb-40-09864,2
208,clueweb12-1102wb-25-17644,0
208,clueweb12-1104wb-11-00806,2
208,clueweb12-1107wb-28-11686,0
208,clueweb12-1111wb-42-16685,0
208,clueweb12-1111wb-53-13591,0
208,clueweb12-1111wb-61-25620,0
208,clueweb12-1113wb-17-24903,0
208,clueweb12-1115wb-28-22562,0
208,clueweb12-1115wb-30-06898,1
208,clueweb12-1117wb-59-24696,1
208,clueweb12-1118wb-78-07117,0
208,clueweb12-1201wb-80-29185,0
208,clueweb12-1206wb-84-08877,1
208,clueweb12-1207wb-81-14962,0
208,clueweb12-1215wb-46-13227,0
208,clueweb12-1215wb-77-16866,0
208,clueweb12-1216wb-42-29972,0
208,clueweb12-1301wb-84-08680,0
208,clueweb12-1301wb-88-19658,2
208,clueweb12-1312wb-85-13470,0
208,clueweb12-1403wb-55-06607,0
208,clueweb12-1405wb-05-17663,0
208,clueweb12-1409wb-79-02061,2
208,clueweb12-1410wb-17-23537,0
208,clueweb12-1410wb-40-00834,0
208,clueweb12-1410wb-44-12230,0
208,clueweb12-1411wb-00-11178,0
208,clueweb12-1414wb-05-08095,2
208,clueweb12-1414wb-88-04657,0
208,clueweb12-1415wb-17-25901,0
208,clueweb12-1415wb-36-18396,0
208,clueweb12-1415wb-36-18405,0
208,clueweb12-1415wb-60-06896,0
208,clueweb12-1416wb-02-29390,0
208,clueweb12-1416wb-04-13491,2
208,clueweb12-1416wb-07-18902,0
208,clueweb12-1416wb-33-16589,0
208,clueweb12-1502wb-03-18576,1
208,clueweb12-1502wb-99-24244,0
208,clueweb12-1506wb-63-06897,0
208,clueweb12-1509wb-52-09768,1
208,clueweb12-1515wb-29-09102,0
208,clueweb12-1601wb-47-27858,0
208,clueweb12-1601wb-64-02427,0
208,clueweb12-1604wb-50-20497,0
208,clueweb12-1605wb-09-25644,3
208,clueweb12-1609wb-67-10400,0
208,clueweb12-1610wb-40-03669,2
208,clueweb12-1611wb-32-16375,2
208,clueweb12-1611wb-58-24738,0
208,clueweb12-1612wb-09-22469,0
208,clueweb12-1612wb-18-22030,1
208,clueweb12-1613wb-62-32825,2
208,clueweb12-1615wb-11-05365,0
208,clueweb12-1617wb-04-05358,2
208,clueweb12-1700tw-32-10820,-2
208,clueweb12-1703wb-70-18467,0
208,clueweb12-1707wb-06-07522,0
208,clueweb12-1711wb-98-07767,0
208,clueweb12-1713wb-83-14330,0
208,clueweb12-1714wb-35-30143,1
208,clueweb12-1714wb-92-09345,0
208,clueweb12-1716wb-02-00310,0
208,clueweb12-1716wb-67-18137,2
208,clueweb12-1716wb-84-24104,0
208,clueweb12-1716wb-84-24105,0
208,clueweb12-1800wb-03-24678,0
208,clueweb12-1802wb-68-02041,0
208,clueweb12-1803wb-09-29748,0
208,clueweb12-1804wb-99-10067,0
208,clueweb12-1806wb-94-01827,2
208,clueweb12-1812wb-80-15306,0
208,clueweb12-1900wb-59-24321,0
208,clueweb12-1902wb-96-14676,0
208,clueweb12-1907wb-30-04813,0
208,clueweb12-1908wb-77-16099,0
208,clueweb12-1909wb-67-27776,0
208,clueweb12-1911wb-24-21457,0
208,clueweb12-1911wb-89-06008,1
209,clueweb12-0000wb-74-06040,0
209,clueweb12-0002wb-09-38039,0
209,clueweb12-0002wb-96-18284,0
209,clueweb12-0003wb-04-32978,0
209,clueweb12-0003wb-64-33492,0
209,clueweb12-0007wb-02-26505,0
209,clueweb12-0011wb-50-29408,0
209,clueweb12-0011wb-71-24031,0
209,clueweb12-0100tw-17-14680,-2
209,clueweb12-0100wb-84-06626,0
209,clueweb12-0101wb-03-31562,0
209,clueweb12-0105wb-14-09800,2
209,clueweb12-0105wb-79-22559,0
209,clueweb12-0106wb-29-04372,0
209,clueweb12-0106wb-37-25810,0
209,clueweb12-0108wb-39-26701,0
209,clueweb12-0108wb-72-09830,0
209,clueweb12-0110wb-25-06071,0
209,clueweb12-0111wb-17-33232,0
209,clueweb12-0112wb-15-02874,0
209,clueweb12-0112wb-45-30722,0
209,clueweb12-0200wb-00-15618,0
209,clueweb12-0200wb-23-05493,0
209,clueweb12-0200wb-29-18544,0
209,clueweb12-0200wb-30-08775,0
209,clueweb12-0200wb-68-20778,0
209,clueweb12-0200wb-69-12098,0
209,clueweb12-0201wb-33-01595,0
209,clueweb12-0201wb-59-07088,0
209,clueweb12-0202wb-46-23391,0
209,clueweb12-0203wb-42-29721,0
209,clueweb12-0206wb-51-31422,0
209,clueweb12-0208wb-74-07295,0
209,clueweb12-0209wb-14-25436,0
209,clueweb12-0209wb-19-27701,0
209,clueweb12-0209wb-67-07124,0
209,clueweb12-0209wb-73-22768,0
209,clueweb12-0211wb-61-09967,0
209,clueweb12-0211wb-99-27156,0
209,clueweb12-0301wb-72-04109,0
209,clueweb12-0301wb-99-24848,0
209,clueweb12-0302wb-16-30362,0
209,clueweb12-0302wb-97-24675,0
209,clueweb12-0303wb-04-18450,0
209,clueweb12-0303wb-04-18452,0
209,clueweb12-0303wb-22-08123,0
209,clueweb12-0304wb-63-29386,0
209,clueweb12-0305wb-31-30026,0
209,clueweb12-0305wb-41-07096,0
209,clueweb12-0305wb-41-21804,0
209,clueweb12-0306wb-12-18845,0
209,clueweb12-0400tw-42-12906,0
209,clueweb12-0400tw-61-04618,0
209,clueweb12-0401wb-13-02472,2
209,clueweb12-0402wb-85-16521,0
209,clueweb12-0403wb-00-07669,1
209,clueweb12-0405wb-41-24684,0
209,clueweb12-0406wb-68-06867,0
209,clueweb12-0408wb-08-00978,2
209,clueweb12-0409wb-04-06607,2
209,clueweb12-0409wb-04-06612,0
209,clueweb12-0501wb-64-30170,0
209,clueweb12-0507wb-36-19206,0
209,clueweb12-0510wb-19-33198,0
209,clueweb12-0605wb-74-25485,3
209,clueweb12-0606wb-59-32729,0
209,clueweb12-0700tw-63-09795,0
209,clueweb12-0708wb-45-28465,0
209,clueweb12-0712wb-94-14061,0
209,clueweb12-0715wb-00-21432,0
209,clueweb12-0800tw-38-07658,0
209,clueweb12-0800tw-69-08615,0
209,clueweb12-0808wb-90-15008,0
209,clueweb12-0809wb-12-27431,0
209,clueweb12-0811wb-52-01249,0
209,clueweb12-0905wb-82-12758,0
209,clueweb12-0910wb-76-12517,0
209,clueweb12-0916wb-02-27725,0
209,clueweb12-0916wb-67-18743,0
209,clueweb12-0918wb-24-24580,0
209,clueweb12-0919wb-52-25683,2
209,clueweb12-1003wb-19-18176,0
209,clueweb12-1006wb-69-08315,0
209,clueweb12-1006wb-84-22890,0
209,clueweb12-1006wb-84-22891,0
209,clueweb12-1006wb-84-22892,0
209,clueweb12-1006wb-84-22893,0
209,clueweb12-1007wb-18-02935,0
209,clueweb12-1007wb-18-02940,0
209,clueweb12-1007wb-18-02949,0
209,clueweb12-1007wb-23-17991,0
209,clueweb12-1007wb-23-17992,0
209,clueweb12-1007wb-23-17997,0
209,clueweb12-1007wb-25-16152,0
209,clueweb12-1007wb-42-25502,0
209,clueweb12-1007wb-42-25505,0
209,clueweb12-1007wb-42-25507,0
209,clueweb12-1007wb-42-25511,0
209,clueweb12-1020wb-50-20951,0
209,clueweb12-1100tw-77-02354,0
209,clueweb12-1100tw-88-06143,0
209,clueweb12-1100tw-92-16609,0
209,clueweb12-1106wb-12-05718,0
209,clueweb12-1200tw-45-18862,0
209,clueweb12-1201tw-22-16881,0
209,clueweb12-1202wb-93-28592,0
209,clueweb12-1300tw-42-05868,0
209,clueweb12-1313wb-59-25523,3
209,clueweb12-1400tw-17-00348,1
209,clueweb12-1400tw-42-23139,0
209,clueweb12-1400tw-44-21746,0
209,clueweb12-1400tw-44-21747,0
209,clueweb12-1400wb-24-32964,0
209,clueweb12-1405wb-23-03730,0
209,clueweb12-1405wb-47-29126,0
209,clueweb12-1406wb-09-24505,0
209,clueweb12-1408wb-28-03651,0
209,clueweb12-1413wb-64-22131,0
209,clueweb12-1413wb-64-22137,0
209,clueweb12-1506wb-61-31260,0
209,clueweb12-1508wb-04-16725,0
209,clueweb12-1516wb-82-24056,0
209,clueweb12-1608wb-13-11193,0
209,clueweb12-1608wb-29-04079,0
209,clueweb12-1608wb-39-23584,0
209,clueweb12-1608wb-39-23585,0
209,clueweb12-1608wb-50-23165,0
209,clueweb12-1608wb-59-18255,0
209,clueweb12-1608wb-59-18269,0
209,clueweb12-1608wb-59-18270,0
209,clueweb12-1608wb-60-04942,0
209,clueweb12-1608wb-67-05404,2
209,clueweb12-1608wb-72-00715,0
209,clueweb12-1608wb-95-00346,0
209,clueweb12-1609wb-84-08469,0
209,clueweb12-1610wb-08-13221,0
209,clueweb12-1610wb-08-13222,0
209,clueweb12-1610wb-08-13224,0
209,clueweb12-1610wb-08-13225,0
209,clueweb12-1610wb-08-13226,0
209,clueweb12-1703wb-47-05522,2
209,clueweb12-1710wb-96-22937,0
209,clueweb12-1712wb-20-25493,0
209,clueweb12-1712wb-47-11045,0
209,clueweb12-1712wb-84-13565,0
209,clueweb12-1713wb-58-04020,0
209,clueweb12-1714wb-45-14925,0
209,clueweb12-1714wb-50-14887,0
209,clueweb12-1801wb-02-22030,0
209,clueweb12-1802wb-10-07611,0
209,clueweb12-1808wb-37-01594,2
209,clueweb12-1809wb-03-17803,0
209,clueweb12-1810wb-54-03629,0
209,clueweb12-1810wb-71-24908,0
209,clueweb12-1811wb-37-15416,0
209,clueweb12-1811wb-53-13078,0
209,clueweb12-1812wb-04-05278,0
209,clueweb12-1812wb-04-05288,0
209,clueweb12-1812wb-40-18871,0
209,clueweb12-1812wb-40-18896,0
209,clueweb12-1812wb-72-28183,0
209,clueweb12-1812wb-72-28190,0
209,clueweb12-1812wb-72-28199,0
209,clueweb12-1813wb-08-25247,0
209,clueweb12-1813wb-20-10939,0
209,clueweb12-1813wb-20-10940,0
209,clueweb12-1813wb-52-06487,0
209,clueweb12-1814wb-06-02926,2
209,clueweb12-1814wb-17-25228,0
209,clueweb12-1814wb-17-25231,0
209,clueweb12-1814wb-17-25239,0
209,clueweb12-1814wb-17-25240,0
209,clueweb12-1814wb-17-25248,0
209,clueweb12-1814wb-49-18201,0
209,clueweb12-1814wb-49-18202,0
209,clueweb12-1814wb-86-02901,0
209,clueweb12-1815wb-26-22752,0
209,clueweb12-1815wb-26-22756,0
209,clueweb12-1815wb-26-22759,0
209,clueweb12-1815wb-26-22772,0
209,clueweb12-1900tw-42-18458,0
209,clueweb12-1900wb-39-00749,0
209,clueweb12-1904wb-85-27358,0
209,clueweb12-1910wb-59-25817,0
209,clueweb12-1910wb-61-03395,0
210,clueweb12-0000wb-01-03896,2
210,clueweb12-0000wb-34-34878,0
210,clueweb12-0000wb-58-29959,1
210,clueweb12-0000wb-66-04534,1
210,clueweb12-0000wb-90-33671,1
210,clueweb12-0000wb-90-34360,0
210,clueweb12-0000wb-90-34371,1
210,clueweb12-0000wb-90-34382,1
210,clueweb12-0000wb-90-34383,0
210,clueweb12-0000wb-90-34384,0
210,clueweb12-0001wb-04-30716,1
210,clueweb12-0001wb-15-08841,0
210,clueweb12-0001wb-27-29238,0
210,clueweb12-0001wb-37-11288,0
210,clueweb12-0001wb-99-02318,1
210,clueweb12-0001wb-99-02319,1
210,clueweb12-0002wb-09-11456,1
210,clueweb12-0002wb-19-02593,0
210,clueweb12-0002wb-85-15125,0
210,clueweb12-0002wb-85-15126,0
210,clueweb12-0005wb-87-27766,0
210,clueweb12-0008wb-81-18744,0
210,clueweb12-0012wb-96-02726,0
210,clueweb12-0013wb-51-00787,0
210,clueweb12-0013wb-56-15367,0
210,clueweb12-0100wb-75-10296,0
210,clueweb12-0101wb-90-12999,0
210,clueweb12-0101wb-90-13000,0
210,clueweb12-0101wb-90-13007,0
210,clueweb12-0101wb-90-13011,0
210,clueweb12-0106wb-65-09817,0
210,clueweb12-0107wb-18-03514,0
210,clueweb12-0107wb-18-03519,0
210,clueweb12-0107wb-24-25381,0
210,clueweb12-0107wb-24-25387,0
210,clueweb12-0107wb-32-02462,0
210,clueweb12-0107wb-48-01795,0
210,clueweb12-0107wb-62-26505,0
210,clueweb12-0107wb-94-33565,0
210,clueweb12-0107wb-99-16646,0
210,clueweb12-0107wb-99-16647,0
210,clueweb12-0108wb-07-21099,0
210,clueweb12-0108wb-24-12254,0
210,clueweb12-0108wb-24-12255,0
210,clueweb12-0108wb-28-24801,0
210,clueweb12-0108wb-39-09424,0
210,clueweb12-0108wb-60-26316,0
210,clueweb12-0108wb-73-04508,0
210,clueweb12-0108wb-87-18386,0
210,clueweb12-0109wb-06-33054,0
210,clueweb12-0109wb-44-22956,1
210,clueweb12-0109wb-97-29030,1
210,clueweb12-0110wb-11-13394,0
210,clueweb12-0110wb-60-27210,0
210,clueweb12-0110wb-66-19553,0
210,clueweb12-0110wb-76-12434,0
210,clueweb12-0110wb-76-12435,0
210,clueweb12-0110wb-84-21604,0
210,clueweb12-0110wb-84-21605,0
210,clueweb12-0110wb-84-21606,0
210,clueweb12-0110wb-84-21607,0
210,clueweb12-0110wb-84-21608,0
210,clueweb12-0110wb-93-03887,0
210,clueweb12-0110wb-93-03888,0
210,clueweb12-0111wb-03-04028,0
210,clueweb12-0111wb-39-00027,0
210,clueweb12-0111wb-73-32996,0
210,clueweb12-0111wb-83-07059,0
210,clueweb12-0112wb-48-19969,0
210,clueweb12-0200wb-17-05664,-2
210,clueweb12-0200wb-38-06252,1
210,clueweb12-0202wb-49-21108,0
210,clueweb12-0202wb-86-20624,0
210,clueweb12-0203wb-69-02465,0
210,clueweb12-0204wb-79-29512,0
210,clueweb12-0205wb-74-04241,0
210,clueweb12-0206wb-50-02058,0
210,clueweb12-0206wb-76-20038,0
210,clueweb12-0207wb-13-15450,0
210,clueweb12-0207wb-47-32009,0
210,clueweb12-0207wb-91-14365,0
210,clueweb12-0207wb-93-10480,0
210,clueweb12-0208wb-44-29312,0
210,clueweb12-0208wb-95-19459,0
210,clueweb12-0210wb-00-34239,0
210,clueweb12-0210wb-08-29231,0
210,clueweb12-0210wb-16-26898,0
210,clueweb12-0210wb-39-27797,0
210,clueweb12-0210wb-94-21102,0
210,clueweb12-0300tw-23-16953,0
210,clueweb12-0300tw-25-14644,1
210,clueweb12-0300tw-25-14645,0
210,clueweb12-0300wb-30-29058,1
210,clueweb12-0300wb-92-07615,0
210,clueweb12-0301tw-04-18372,0
210,clueweb12-0301tw-06-18685,0
210,clueweb12-0301wb-91-09780,0
210,clueweb12-0304wb-48-24702,0
210,clueweb12-0311wb-91-15874,0
210,clueweb12-0312wb-23-06988,1
210,clueweb12-0312wb-23-06995,1
210,clueweb12-0400tw-60-12632,3
210,clueweb12-0400wb-03-13784,0
210,clueweb12-0400wb-20-26102,1
210,clueweb12-0402wb-02-17177,0
210,clueweb12-0403wb-55-07741,0
210,clueweb12-0403wb-55-07767,0
210,clueweb12-0403wb-77-22044,0
210,clueweb12-0405wb-86-16061,0
210,clueweb12-0408wb-65-06835,0
210,clueweb12-0409wb-68-16973,0
210,clueweb12-0409wb-75-28538,0
210,clueweb12-0409wb-75-28546,0
210,clueweb12-0500wb-35-05859,0
210,clueweb12-0503wb-98-32252,0
210,clueweb12-0504wb-34-25344,0
210,clueweb12-0504wb-42-04777,0
210,clueweb12-0505wb-75-04423,1
210,clueweb12-0507wb-16-28751,0
210,clueweb12-0512wb-03-23753,0
210,clueweb12-0512wb-14-24991,0
210,clueweb12-0600tw-31-06210,0
210,clueweb12-0600tw-31-06217,0
210,clueweb12-0602wb-96-08901,0
210,clueweb12-0603wb-81-33158,0
210,clueweb12-0605wb-69-15146,0
210,clueweb12-0609wb-57-12610,0
210,clueweb12-0612wb-35-16968,0
210,clueweb12-0700wb-17-20817,0
210,clueweb12-0704wb-25-24972,0
210,clueweb12-0704wb-25-24974,0
210,clueweb12-0704wb-93-06596,0
210,clueweb12-0705wb-03-25194,0
210,clueweb12-0705wb-03-25195,0
210,clueweb12-0715wb-58-21783,0
210,clueweb12-0800tw-65-10539,0
210,clueweb12-0800tw-82-22960,2
210,clueweb12-0808wb-94-14177,0
210,clueweb12-0808wb-94-14186,0
210,clueweb12-0817wb-28-11927,0
210,clueweb12-0817wb-47-09350,-2
210,clueweb12-0817wb-47-09355,-2
210,clueweb12-0901wb-02-19434,0
210,clueweb12-0910wb-29-19979,0
210,clueweb12-0912wb-44-07492,0
210,clueweb12-0912wb-55-04633,1
210,clueweb12-0912wb-55-04636,0
210,clueweb12-0912wb-55-04647,0
210,clueweb12-0912wb-79-01432,0
210,clueweb12-0912wb-79-01447,0
210,clueweb12-0912wb-87-05718,0
210,clueweb12-0912wb-87-05723,0
210,clueweb12-0912wb-87-05726,0
210,clueweb12-0912wb-87-05730,0
210,clueweb12-0912wb-87-05732,0
210,clueweb12-0913wb-12-08534,0
210,clueweb12-0913wb-12-08541,0
210,clueweb12-0913wb-22-18799,0
210,clueweb12-0913wb-22-18812,0
210,clueweb12-0913wb-22-18813,0
210,clueweb12-0913wb-44-34471,0
210,clueweb12-0913wb-44-34473,0
210,clueweb12-0913wb-44-34474,0
210,clueweb12-0913wb-51-28450,0
210,clueweb12-0913wb-51-28461,0
210,clueweb12-0913wb-51-28465,0
210,clueweb12-0913wb-74-23165,0
210,clueweb12-0913wb-74-23173,0
210,clueweb12-0913wb-74-23174,0
210,clueweb12-0914wb-07-25934,0
210,clueweb12-0914wb-13-33305,0
210,clueweb12-0914wb-13-33325,0
210,clueweb12-0914wb-41-31023,0
210,clueweb12-0914wb-50-13006,0
210,clueweb12-0914wb-50-13020,0
210,clueweb12-0914wb-71-12042,0
210,clueweb12-0914wb-71-12052,0
210,clueweb12-0914wb-78-15572,0
210,clueweb12-0914wb-78-15579,0
210,clueweb12-0914wb-85-30976,0
210,clueweb12-0914wb-85-30981,0
210,clueweb12-0915wb-11-30358,0
210,clueweb12-0915wb-30-21754,-2
210,clueweb12-0915wb-32-27556,0
210,clueweb12-0918wb-20-07572,0
210,clueweb12-0918wb-24-22906,0
210,clueweb12-0918wb-24-22907,0
210,clueweb12-1001tw-00-12234,0
210,clueweb12-1100tw-71-13321,1
210,clueweb12-1100tw-71-13322,0
210,clueweb12-1101tw-20-10058,0
210,clueweb12-1102wb-91-23141,0
210,clueweb12-1108wb-69-14385,0
210,clueweb12-1115wb-60-03021,0
210,clueweb12-1115wb-65-15295,0
210,clueweb12-1115wb-65-15297,0
210,clueweb12-1115wb-66-19504,0
210,clueweb12-1115wb-70-07805,0
210,clueweb12-1115wb-70-07819,0
210,clueweb12-1115wb-76-13845,0
210,clueweb12-1115wb-82-24855,0
210,clueweb12-1115wb-82-24857,0
210,clueweb12-1115wb-82-24866,0
210,clueweb12-1115wb-82-24867,0
210,clueweb12-1115wb-84-16641,0
210,clueweb12-1116wb-28-02379,0
210,clueweb12-1117wb-72-24225,0
210,clueweb12-1118wb-69-04823,0
210,clueweb12-1200tw-47-09372,2
210,clueweb12-1200tw-81-14432,0
210,clueweb12-1201tw-26-10511,0
210,clueweb12-1201wb-37-02741,0
210,clueweb12-1201wb-37-02745,0
210,clueweb12-1201wb-45-13423,0
210,clueweb12-1202wb-27-13197,0
210,clueweb12-1202wb-27-13211,0
210,clueweb12-1202wb-27-13216,0
210,clueweb12-1202wb-49-17417,0
210,clueweb12-1203wb-03-01814,0
210,clueweb12-1203wb-35-07444,0
210,clueweb12-1203wb-46-05221,1
210,clueweb12-1203wb-49-27028,0
210,clueweb12-1203wb-58-27878,0
210,clueweb12-1203wb-58-27883,0
210,clueweb12-1203wb-58-27886,0
210,clueweb12-1203wb-90-07325,0
210,clueweb12-1204wb-12-05325,0
210,clueweb12-1204wb-48-19075,0
210,clueweb12-1204wb-72-21651,0
210,clueweb12-1204wb-72-21668,0
210,clueweb12-1206wb-30-01785,0
210,clueweb12-1206wb-70-08021,0
210,clueweb12-1206wb-70-08029,0
210,clueweb12-1206wb-90-11348,0
210,clueweb12-1212wb-00-29001,0
210,clueweb12-1212wb-50-10764,0
210,clueweb12-1212wb-63-01695,0
210,clueweb12-1213wb-04-13863,0
210,clueweb12-1213wb-58-12214,0
210,clueweb12-1213wb-58-28153,0
210,clueweb12-1214wb-21-04156,0
210,clueweb12-1300tw-56-05095,0
210,clueweb12-1303wb-18-19327,0
210,clueweb12-1304wb-55-14396,0
210,clueweb12-1304wb-59-25209,0
210,clueweb12-1304wb-59-25223,0
210,clueweb12-1400tw-41-07043,0
210,clueweb12-1400wb-81-16791,0
210,clueweb12-1400wb-81-16792,0
210,clueweb12-1400wb-82-32013,0
210,clueweb12-1410wb-95-13450,0
210,clueweb12-1500tw-13-00732,0
210,clueweb12-1506wb-13-31586,0
210,clueweb12-1506wb-97-30528,1
210,clueweb12-1507wb-01-23752,1
210,clueweb12-1507wb-01-23754,1
210,clueweb12-1508wb-62-14300,0
210,clueweb12-1511wb-66-28766,0
210,clueweb12-1513wb-16-02987,1
210,clueweb12-1513wb-43-00796,0
210,clueweb12-1515wb-85-02075,0
210,clueweb12-1516wb-01-25600,0
210,clueweb12-1600wb-59-07451,0
210,clueweb12-1601wb-49-08308,1
210,clueweb12-1601wb-62-11745,0
210,clueweb12-1602wb-42-20318,0
210,clueweb12-1602wb-77-23631,0
210,clueweb12-1602wb-77-23632,0
210,clueweb12-1608wb-78-21933,0
210,clueweb12-1609wb-78-10201,0
210,clueweb12-1610wb-18-25211,0
210,clueweb12-1610wb-24-20786,0
210,clueweb12-1610wb-36-11272,0
210,clueweb12-1610wb-41-28020,0
210,clueweb12-1610wb-74-22876,0
210,clueweb12-1610wb-74-22886,0
210,clueweb12-1610wb-83-15791,0
210,clueweb12-1610wb-89-26833,0
210,clueweb12-1616wb-31-08815,0
210,clueweb12-1616wb-31-08826,0
210,clueweb12-1616wb-31-08829,0
210,clueweb12-1616wb-81-18977,0
210,clueweb12-1616wb-81-18989,0
210,clueweb12-1616wb-81-18999,0
210,clueweb12-1616wb-81-19000,0
210,clueweb12-1616wb-81-19001,0
210,clueweb12-1700tw-09-08489,0
210,clueweb12-1700tw-15-17570,1
210,clueweb12-1700tw-18-01572,0
210,clueweb12-1700tw-18-01573,0
210,clueweb12-1703wb-86-19778,0
210,clueweb12-1703wb-86-19784,0
210,clueweb12-1703wb-96-00879,0
210,clueweb12-1703wb-96-00884,0
210,clueweb12-1704wb-00-20122,0
210,clueweb12-1704wb-00-20124,0
210,clueweb12-1704wb-16-00784,0
210,clueweb12-1704wb-16-00787,0
210,clueweb12-1704wb-16-00788,2
210,clueweb12-1704wb-16-00789,0
210,clueweb12-1704wb-17-04344,0
210,clueweb12-1704wb-20-32625,0
210,clueweb12-1704wb-20-32626,0
210,clueweb12-1704wb-20-32627,0
210,clueweb12-1704wb-25-13749,0
210,clueweb12-1704wb-25-13752,0
210,clueweb12-1704wb-25-13753,0
210,clueweb12-1704wb-25-13754,0
210,clueweb12-1711wb-26-21496,0
210,clueweb12-1713wb-69-12657,0
210,clueweb12-1713wb-80-14209,0
210,clueweb12-1716wb-85-01189,0
210,clueweb12-1800tw-40-00906,0
210,clueweb12-1800tw-54-02205,1
210,clueweb12-1800tw-54-02206,0
210,clueweb12-1800tw-54-02207,0
210,clueweb12-1800tw-54-02208,0
210,clueweb12-1800tw-54-02209,0
210,clueweb12-1800tw-55-22363,1
210,clueweb12-1803wb-59-11164,0
210,clueweb12-1803wb-67-12684,0
210,clueweb12-1806wb-36-17714,0
210,clueweb12-1806wb-39-17376,0
210,clueweb12-1806wb-68-00819,0
210,clueweb12-1815wb-07-06838,0
210,clueweb12-1900tw-55-12347,0
210,clueweb12-1900wb-16-34156,1
210,clueweb12-1901wb-80-07058,2
210,clueweb12-1902wb-41-21837,0
210,clueweb12-1904wb-80-19348,0
210,clueweb12-1907wb-92-11195,2
210,clueweb12-1909wb-93-02791,0
210,clueweb12-1910wb-70-03363,0
210,clueweb12-1912wb-52-03451,0
210,clueweb12-1913wb-51-12469,0
210,clueweb12-1913wb-66-15947,0
